case,case_index,case_count,Vv,tip_deflection,case_dir,gamma_semispan,vsp3_path,deflection_csv_path,stab_path,passed,vspaero_passed,error
vv_0p00100_wtip_0p00000,1,286,0.001,0.0,vv_0p00100_wtip_0p00000,13.5,vv_0p00100_wtip_0p00000\vv_0p00100_wtip_0p00000.vsp3,vv_0p00100_wtip_0p00000\vv_0p00100_wtip_0p00000_deflection.csv,vv_0p00100_wtip_0p00000\vv_0p00100_wtip_0p00000.stab,True,True,
vv_0p00100_wtip_0p10000,2,286,0.001,0.1,vv_0p00100_wtip_0p10000,13.5,vv_0p00100_wtip_0p10000\vv_0p00100_wtip_0p10000.vsp3,vv_0p00100_wtip_0p10000\vv_0p00100_wtip_0p10000_deflection.csv,vv_0p00100_wtip_0p10000\vv_0p00100_wtip_0p10000.stab,True,True,
vv_0p00100_wtip_0p20000,4,286,0.001,0.2,vv_0p00100_wtip_0p20000,13.5,vv_0p00100_wtip_0p20000\vv_0p00100_wtip_0p20000.vsp3,vv_0p00100_wtip_0p20000\vv_0p00100_wtip_0p20000_deflection.csv,vv_0p00100_wtip_0p20000\vv_0p00100_wtip_0p20000.stab,True,True,
vv_0p00100_wtip_0p30000,5,286,0.001,0.3,vv_0p00100_wtip_0p30000,13.5,vv_0p00100_wtip_0p30000\vv_0p00100_wtip_0p30000.vsp3,vv_0p00100_wtip_0p30000\vv_0p00100_wtip_0p30000_deflection.csv,vv_0p00100_wtip_0p30000\vv_0p00100_wtip_0p30000.stab,True,True,
vv_0p00100_wtip_0p40000,7,286,0.001,0.4,vv_0p00100_wtip_0p40000,13.5,vv_0p00100_wtip_0p40000\vv_0p00100_wtip_0p40000.vsp3,vv_0p00100_wtip_0p40000\vv_0p00100_wtip_0p40000_deflection.csv,vv_0p00100_wtip_0p40000\vv_0p00100_wtip_0p40000.stab,True,True,
vv_0p00100_wtip_0p50000,9,286,0.001,0.5,vv_0p00100_wtip_0p50000,13.5,vv_0p00100_wtip_0p50000\vv_0p00100_wtip_0p50000.vsp3,vv_0p00100_wtip_0p50000\vv_0p00100_wtip_0p50000_deflection.csv,vv_0p00100_wtip_0p50000\vv_0p00100_wtip_0p50000.stab,True,True,
vv_0p00100_wtip_0p60000,11,286,0.001,0.6,vv_0p00100_wtip_0p60000,13.5,vv_0p00100_wtip_0p60000\vv_0p00100_wtip_0p60000.vsp3,vv_0p00100_wtip_0p60000\vv_0p00100_wtip_0p60000_deflection.csv,vv_0p00100_wtip_0p60000\vv_0p00100_wtip_0p60000.stab,True,True,
vv_0p00100_wtip_0p70000,13,286,0.001,0.7,vv_0p00100_wtip_0p70000,13.5,vv_0p00100_wtip_0p70000\vv_0p00100_wtip_0p70000.vsp3,vv_0p00100_wtip_0p70000\vv_0p00100_wtip_0p70000_deflection.csv,vv_0p00100_wtip_0p70000\vv_0p00100_wtip_0p70000.stab,True,True,
vv_0p00100_wtip_0p80000,14,286,0.001,0.8,vv_0p00100_wtip_0p80000,13.5,vv_0p00100_wtip_0p80000\vv_0p00100_wtip_0p80000.vsp3,vv_0p00100_wtip_0p80000\vv_0p00100_wtip_0p80000_deflection.csv,vv_0p00100_wtip_0p80000\vv_0p00100_wtip_0p80000.stab,True,True,
vv_0p00100_wtip_0p90000,15,286,0.001,0.9,vv_0p00100_wtip_0p90000,13.5,vv_0p00100_wtip_0p90000\vv_0p00100_wtip_0p90000.vsp3,vv_0p00100_wtip_0p90000\vv_0p00100_wtip_0p90000_deflection.csv,vv_0p00100_wtip_0p90000\vv_0p00100_wtip_0p90000.stab,True,True,
vv_0p00100_wtip_1p00000,16,286,0.001,1.0,vv_0p00100_wtip_1p00000,13.5,vv_0p00100_wtip_1p00000\vv_0p00100_wtip_1p00000.vsp3,vv_0p00100_wtip_1p00000\vv_0p00100_wtip_1p00000_deflection.csv,vv_0p00100_wtip_1p00000\vv_0p00100_wtip_1p00000.stab,True,True,
vv_0p00100_wtip_1p10000,17,286,0.001,1.1,vv_0p00100_wtip_1p10000,13.5,vv_0p00100_wtip_1p10000\vv_0p00100_wtip_1p10000.vsp3,vv_0p00100_wtip_1p10000\vv_0p00100_wtip_1p10000_deflection.csv,vv_0p00100_wtip_1p10000\vv_0p00100_wtip_1p10000.stab,True,True,
vv_0p00100_wtip_1p20000,18,286,0.001,1.2,vv_0p00100_wtip_1p20000,13.5,vv_0p00100_wtip_1p20000\vv_0p00100_wtip_1p20000.vsp3,vv_0p00100_wtip_1p20000\vv_0p00100_wtip_1p20000_deflection.csv,vv_0p00100_wtip_1p20000\vv_0p00100_wtip_1p20000.stab,True,True,
vv_0p00100_wtip_1p30000,19,286,0.001,1.3,vv_0p00100_wtip_1p30000,13.5,vv_0p00100_wtip_1p30000\vv_0p00100_wtip_1p30000.vsp3,vv_0p00100_wtip_1p30000\vv_0p00100_wtip_1p30000_deflection.csv,vv_0p00100_wtip_1p30000\vv_0p00100_wtip_1p30000.stab,True,True,
vv_0p00100_wtip_1p40000,20,286,0.001,1.4,vv_0p00100_wtip_1p40000,13.5,vv_0p00100_wtip_1p40000\vv_0p00100_wtip_1p40000.vsp3,vv_0p00100_wtip_1p40000\vv_0p00100_wtip_1p40000_deflection.csv,vv_0p00100_wtip_1p40000\vv_0p00100_wtip_1p40000.stab,True,True,
vv_0p00100_wtip_1p50000,21,286,0.001,1.5,vv_0p00100_wtip_1p50000,13.5,vv_0p00100_wtip_1p50000\vv_0p00100_wtip_1p50000.vsp3,vv_0p00100_wtip_1p50000\vv_0p00100_wtip_1p50000_deflection.csv,vv_0p00100_wtip_1p50000\vv_0p00100_wtip_1p50000.stab,True,True,
vv_0p00100_wtip_1p60000,22,286,0.001,1.6,vv_0p00100_wtip_1p60000,13.5,vv_0p00100_wtip_1p60000\vv_0p00100_wtip_1p60000.vsp3,vv_0p00100_wtip_1p60000\vv_0p00100_wtip_1p60000_deflection.csv,vv_0p00100_wtip_1p60000\vv_0p00100_wtip_1p60000.stab,True,True,
vv_0p00100_wtip_1p70000,23,286,0.001,1.7,vv_0p00100_wtip_1p70000,13.5,vv_0p00100_wtip_1p70000\vv_0p00100_wtip_1p70000.vsp3,vv_0p00100_wtip_1p70000\vv_0p00100_wtip_1p70000_deflection.csv,vv_0p00100_wtip_1p70000\vv_0p00100_wtip_1p70000.stab,True,True,
vv_0p00100_wtip_1p80000,24,286,0.001,1.8,vv_0p00100_wtip_1p80000,13.5,vv_0p00100_wtip_1p80000\vv_0p00100_wtip_1p80000.vsp3,vv_0p00100_wtip_1p80000\vv_0p00100_wtip_1p80000_deflection.csv,vv_0p00100_wtip_1p80000\vv_0p00100_wtip_1p80000.stab,True,True,
vv_0p00100_wtip_1p90000,25,286,0.001,1.9,vv_0p00100_wtip_1p90000,13.5,vv_0p00100_wtip_1p90000\vv_0p00100_wtip_1p90000.vsp3,vv_0p00100_wtip_1p90000\vv_0p00100_wtip_1p90000_deflection.csv,vv_0p00100_wtip_1p90000\vv_0p00100_wtip_1p90000.stab,True,True,
vv_0p00100_wtip_2p00000,26,286,0.001,2.0,vv_0p00100_wtip_2p00000,13.5,vv_0p00100_wtip_2p00000\vv_0p00100_wtip_2p00000.vsp3,vv_0p00100_wtip_2p00000\vv_0p00100_wtip_2p00000_deflection.csv,vv_0p00100_wtip_2p00000\vv_0p00100_wtip_2p00000.stab,True,True,
vv_0p00150_wtip_0p00000,27,286,0.0015,0.0,vv_0p00150_wtip_0p00000,13.5,vv_0p00150_wtip_0p00000\vv_0p00150_wtip_0p00000.vsp3,vv_0p00150_wtip_0p00000\vv_0p00150_wtip_0p00000_deflection.csv,vv_0p00150_wtip_0p00000\vv_0p00150_wtip_0p00000.stab,True,True,
vv_0p00150_wtip_0p10000,28,286,0.0015,0.1,vv_0p00150_wtip_0p10000,13.5,vv_0p00150_wtip_0p10000\vv_0p00150_wtip_0p10000.vsp3,vv_0p00150_wtip_0p10000\vv_0p00150_wtip_0p10000_deflection.csv,vv_0p00150_wtip_0p10000\vv_0p00150_wtip_0p10000.stab,True,True,
vv_0p00150_wtip_0p17307,29,286,0.0015,0.17307,vv_0p00150_wtip_0p17307,13.5,vv_0p00150_wtip_0p17307\vv_0p00150_wtip_0p17307.vsp3,vv_0p00150_wtip_0p17307\vv_0p00150_wtip_0p17307_deflection.csv,vv_0p00150_wtip_0p17307\vv_0p00150_wtip_0p17307.stab,True,True,
vv_0p00150_wtip_0p20000,30,286,0.0015,0.2,vv_0p00150_wtip_0p20000,13.5,vv_0p00150_wtip_0p20000\vv_0p00150_wtip_0p20000.vsp3,vv_0p00150_wtip_0p20000\vv_0p00150_wtip_0p20000_deflection.csv,vv_0p00150_wtip_0p20000\vv_0p00150_wtip_0p20000.stab,True,True,
vv_0p00150_wtip_0p30000,31,286,0.0015,0.3,vv_0p00150_wtip_0p30000,13.5,vv_0p00150_wtip_0p30000\vv_0p00150_wtip_0p30000.vsp3,vv_0p00150_wtip_0p30000\vv_0p00150_wtip_0p30000_deflection.csv,vv_0p00150_wtip_0p30000\vv_0p00150_wtip_0p30000.stab,True,True,
vv_0p00150_wtip_0p30328,32,286,0.0015,0.30328,vv_0p00150_wtip_0p30328,13.5,vv_0p00150_wtip_0p30328\vv_0p00150_wtip_0p30328.vsp3,vv_0p00150_wtip_0p30328\vv_0p00150_wtip_0p30328_deflection.csv,vv_0p00150_wtip_0p30328\vv_0p00150_wtip_0p30328.stab,True,True,
vv_0p00150_wtip_0p40000,33,286,0.0015,0.4,vv_0p00150_wtip_0p40000,13.5,vv_0p00150_wtip_0p40000\vv_0p00150_wtip_0p40000.vsp3,vv_0p00150_wtip_0p40000\vv_0p00150_wtip_0p40000_deflection.csv,vv_0p00150_wtip_0p40000\vv_0p00150_wtip_0p40000.stab,True,True,
vv_0p00150_wtip_0p43348,34,286,0.0015,0.43348,vv_0p00150_wtip_0p43348,13.5,vv_0p00150_wtip_0p43348\vv_0p00150_wtip_0p43348.vsp3,vv_0p00150_wtip_0p43348\vv_0p00150_wtip_0p43348_deflection.csv,vv_0p00150_wtip_0p43348\vv_0p00150_wtip_0p43348.stab,True,True,
vv_0p00150_wtip_0p50000,35,286,0.0015,0.5,vv_0p00150_wtip_0p50000,13.5,vv_0p00150_wtip_0p50000\vv_0p00150_wtip_0p50000.vsp3,vv_0p00150_wtip_0p50000\vv_0p00150_wtip_0p50000_deflection.csv,vv_0p00150_wtip_0p50000\vv_0p00150_wtip_0p50000.stab,True,True,
vv_0p00150_wtip_0p56369,36,286,0.0015,0.56369,vv_0p00150_wtip_0p56369,13.5,vv_0p00150_wtip_0p56369\vv_0p00150_wtip_0p56369.vsp3,vv_0p00150_wtip_0p56369\vv_0p00150_wtip_0p56369_deflection.csv,vv_0p00150_wtip_0p56369\vv_0p00150_wtip_0p56369.stab,True,True,
vv_0p00150_wtip_0p60000,37,286,0.0015,0.6,vv_0p00150_wtip_0p60000,13.5,vv_0p00150_wtip_0p60000\vv_0p00150_wtip_0p60000.vsp3,vv_0p00150_wtip_0p60000\vv_0p00150_wtip_0p60000_deflection.csv,vv_0p00150_wtip_0p60000\vv_0p00150_wtip_0p60000.stab,True,True,
vv_0p00150_wtip_0p69390,38,286,0.0015,0.6939,vv_0p00150_wtip_0p69390,13.5,vv_0p00150_wtip_0p69390\vv_0p00150_wtip_0p69390.vsp3,vv_0p00150_wtip_0p69390\vv_0p00150_wtip_0p69390_deflection.csv,vv_0p00150_wtip_0p69390\vv_0p00150_wtip_0p69390.stab,True,True,
vv_0p00150_wtip_0p70000,39,286,0.0015,0.7,vv_0p00150_wtip_0p70000,13.5,vv_0p00150_wtip_0p70000\vv_0p00150_wtip_0p70000.vsp3,vv_0p00150_wtip_0p70000\vv_0p00150_wtip_0p70000_deflection.csv,vv_0p00150_wtip_0p70000\vv_0p00150_wtip_0p70000.stab,True,True,
vv_0p00150_wtip_0p80000,40,286,0.0015,0.8,vv_0p00150_wtip_0p80000,13.5,vv_0p00150_wtip_0p80000\vv_0p00150_wtip_0p80000.vsp3,vv_0p00150_wtip_0p80000\vv_0p00150_wtip_0p80000_deflection.csv,vv_0p00150_wtip_0p80000\vv_0p00150_wtip_0p80000.stab,True,True,
vv_0p00150_wtip_0p90000,41,286,0.0015,0.9,vv_0p00150_wtip_0p90000,13.5,vv_0p00150_wtip_0p90000\vv_0p00150_wtip_0p90000.vsp3,vv_0p00150_wtip_0p90000\vv_0p00150_wtip_0p90000_deflection.csv,vv_0p00150_wtip_0p90000\vv_0p00150_wtip_0p90000.stab,True,True,
vv_0p00150_wtip_1p00000,42,286,0.0015,1.0,vv_0p00150_wtip_1p00000,13.5,vv_0p00150_wtip_1p00000\vv_0p00150_wtip_1p00000.vsp3,vv_0p00150_wtip_1p00000\vv_0p00150_wtip_1p00000_deflection.csv,vv_0p00150_wtip_1p00000\vv_0p00150_wtip_1p00000.stab,True,True,
vv_0p00150_wtip_1p10000,43,286,0.0015,1.1,vv_0p00150_wtip_1p10000,13.5,vv_0p00150_wtip_1p10000\vv_0p00150_wtip_1p10000.vsp3,vv_0p00150_wtip_1p10000\vv_0p00150_wtip_1p10000_deflection.csv,vv_0p00150_wtip_1p10000\vv_0p00150_wtip_1p10000.stab,True,True,
vv_0p00150_wtip_1p20000,44,286,0.0015,1.2,vv_0p00150_wtip_1p20000,13.5,vv_0p00150_wtip_1p20000\vv_0p00150_wtip_1p20000.vsp3,vv_0p00150_wtip_1p20000\vv_0p00150_wtip_1p20000_deflection.csv,vv_0p00150_wtip_1p20000\vv_0p00150_wtip_1p20000.stab,True,True,
vv_0p00150_wtip_1p30000,45,286,0.0015,1.3,vv_0p00150_wtip_1p30000,13.5,vv_0p00150_wtip_1p30000\vv_0p00150_wtip_1p30000.vsp3,vv_0p00150_wtip_1p30000\vv_0p00150_wtip_1p30000_deflection.csv,vv_0p00150_wtip_1p30000\vv_0p00150_wtip_1p30000.stab,True,True,
vv_0p00150_wtip_1p40000,46,286,0.0015,1.4,vv_0p00150_wtip_1p40000,13.5,vv_0p00150_wtip_1p40000\vv_0p00150_wtip_1p40000.vsp3,vv_0p00150_wtip_1p40000\vv_0p00150_wtip_1p40000_deflection.csv,vv_0p00150_wtip_1p40000\vv_0p00150_wtip_1p40000.stab,True,True,
vv_0p00150_wtip_1p50000,47,286,0.0015,1.5,vv_0p00150_wtip_1p50000,13.5,vv_0p00150_wtip_1p50000\vv_0p00150_wtip_1p50000.vsp3,vv_0p00150_wtip_1p50000\vv_0p00150_wtip_1p50000_deflection.csv,vv_0p00150_wtip_1p50000\vv_0p00150_wtip_1p50000.stab,True,True,
vv_0p00150_wtip_1p60000,48,286,0.0015,1.6,vv_0p00150_wtip_1p60000,13.5,vv_0p00150_wtip_1p60000\vv_0p00150_wtip_1p60000.vsp3,vv_0p00150_wtip_1p60000\vv_0p00150_wtip_1p60000_deflection.csv,vv_0p00150_wtip_1p60000\vv_0p00150_wtip_1p60000.stab,True,True,
vv_0p00150_wtip_1p70000,49,286,0.0015,1.7,vv_0p00150_wtip_1p70000,13.5,vv_0p00150_wtip_1p70000\vv_0p00150_wtip_1p70000.vsp3,vv_0p00150_wtip_1p70000\vv_0p00150_wtip_1p70000_deflection.csv,vv_0p00150_wtip_1p70000\vv_0p00150_wtip_1p70000.stab,True,True,
vv_0p00150_wtip_1p80000,50,286,0.0015,1.8,vv_0p00150_wtip_1p80000,13.5,vv_0p00150_wtip_1p80000\vv_0p00150_wtip_1p80000.vsp3,vv_0p00150_wtip_1p80000\vv_0p00150_wtip_1p80000_deflection.csv,vv_0p00150_wtip_1p80000\vv_0p00150_wtip_1p80000.stab,True,True,
vv_0p00150_wtip_1p90000,51,286,0.0015,1.9,vv_0p00150_wtip_1p90000,13.5,vv_0p00150_wtip_1p90000\vv_0p00150_wtip_1p90000.vsp3,vv_0p00150_wtip_1p90000\vv_0p00150_wtip_1p90000_deflection.csv,vv_0p00150_wtip_1p90000\vv_0p00150_wtip_1p90000.stab,True,True,
vv_0p00150_wtip_2p00000,52,286,0.0015,2.0,vv_0p00150_wtip_2p00000,13.5,vv_0p00150_wtip_2p00000\vv_0p00150_wtip_2p00000.vsp3,vv_0p00150_wtip_2p00000\vv_0p00150_wtip_2p00000_deflection.csv,vv_0p00150_wtip_2p00000\vv_0p00150_wtip_2p00000.stab,True,True,
vv_0p00200_wtip_0p00000,53,286,0.002,0.0,vv_0p00200_wtip_0p00000,13.5,vv_0p00200_wtip_0p00000\vv_0p00200_wtip_0p00000.vsp3,vv_0p00200_wtip_0p00000\vv_0p00200_wtip_0p00000_deflection.csv,vv_0p00200_wtip_0p00000\vv_0p00200_wtip_0p00000.stab,True,True,
vv_0p00200_wtip_0p10000,54,286,0.002,0.1,vv_0p00200_wtip_0p10000,13.5,vv_0p00200_wtip_0p10000\vv_0p00200_wtip_0p10000.vsp3,vv_0p00200_wtip_0p10000\vv_0p00200_wtip_0p10000_deflection.csv,vv_0p00200_wtip_0p10000\vv_0p00200_wtip_0p10000.stab,True,True,
vv_0p00200_wtip_0p20000,56,286,0.002,0.2,vv_0p00200_wtip_0p20000,13.5,vv_0p00200_wtip_0p20000\vv_0p00200_wtip_0p20000.vsp3,vv_0p00200_wtip_0p20000\vv_0p00200_wtip_0p20000_deflection.csv,vv_0p00200_wtip_0p20000\vv_0p00200_wtip_0p20000.stab,True,True,
vv_0p00200_wtip_0p30000,57,286,0.002,0.3,vv_0p00200_wtip_0p30000,13.5,vv_0p00200_wtip_0p30000\vv_0p00200_wtip_0p30000.vsp3,vv_0p00200_wtip_0p30000\vv_0p00200_wtip_0p30000_deflection.csv,vv_0p00200_wtip_0p30000\vv_0p00200_wtip_0p30000.stab,True,True,
vv_0p00200_wtip_0p40000,59,286,0.002,0.4,vv_0p00200_wtip_0p40000,13.5,vv_0p00200_wtip_0p40000\vv_0p00200_wtip_0p40000.vsp3,vv_0p00200_wtip_0p40000\vv_0p00200_wtip_0p40000_deflection.csv,vv_0p00200_wtip_0p40000\vv_0p00200_wtip_0p40000.stab,True,True,
vv_0p00200_wtip_0p50000,61,286,0.002,0.5,vv_0p00200_wtip_0p50000,13.5,vv_0p00200_wtip_0p50000\vv_0p00200_wtip_0p50000.vsp3,vv_0p00200_wtip_0p50000\vv_0p00200_wtip_0p50000_deflection.csv,vv_0p00200_wtip_0p50000\vv_0p00200_wtip_0p50000.stab,True,True,
vv_0p00200_wtip_0p60000,63,286,0.002,0.6,vv_0p00200_wtip_0p60000,13.5,vv_0p00200_wtip_0p60000\vv_0p00200_wtip_0p60000.vsp3,vv_0p00200_wtip_0p60000\vv_0p00200_wtip_0p60000_deflection.csv,vv_0p00200_wtip_0p60000\vv_0p00200_wtip_0p60000.stab,True,True,
vv_0p00200_wtip_0p70000,65,286,0.002,0.7,vv_0p00200_wtip_0p70000,13.5,vv_0p00200_wtip_0p70000\vv_0p00200_wtip_0p70000.vsp3,vv_0p00200_wtip_0p70000\vv_0p00200_wtip_0p70000_deflection.csv,vv_0p00200_wtip_0p70000\vv_0p00200_wtip_0p70000.stab,True,True,
vv_0p00200_wtip_0p80000,66,286,0.002,0.8,vv_0p00200_wtip_0p80000,13.5,vv_0p00200_wtip_0p80000\vv_0p00200_wtip_0p80000.vsp3,vv_0p00200_wtip_0p80000\vv_0p00200_wtip_0p80000_deflection.csv,vv_0p00200_wtip_0p80000\vv_0p00200_wtip_0p80000.stab,True,True,
vv_0p00200_wtip_0p90000,67,286,0.002,0.9,vv_0p00200_wtip_0p90000,13.5,vv_0p00200_wtip_0p90000\vv_0p00200_wtip_0p90000.vsp3,vv_0p00200_wtip_0p90000\vv_0p00200_wtip_0p90000_deflection.csv,vv_0p00200_wtip_0p90000\vv_0p00200_wtip_0p90000.stab,True,True,
vv_0p00200_wtip_1p00000,68,286,0.002,1.0,vv_0p00200_wtip_1p00000,13.5,vv_0p00200_wtip_1p00000\vv_0p00200_wtip_1p00000.vsp3,vv_0p00200_wtip_1p00000\vv_0p00200_wtip_1p00000_deflection.csv,vv_0p00200_wtip_1p00000\vv_0p00200_wtip_1p00000.stab,True,True,
vv_0p00200_wtip_1p10000,69,286,0.002,1.1,vv_0p00200_wtip_1p10000,13.5,vv_0p00200_wtip_1p10000\vv_0p00200_wtip_1p10000.vsp3,vv_0p00200_wtip_1p10000\vv_0p00200_wtip_1p10000_deflection.csv,vv_0p00200_wtip_1p10000\vv_0p00200_wtip_1p10000.stab,True,True,
vv_0p00200_wtip_1p20000,70,286,0.002,1.2,vv_0p00200_wtip_1p20000,13.5,vv_0p00200_wtip_1p20000\vv_0p00200_wtip_1p20000.vsp3,vv_0p00200_wtip_1p20000\vv_0p00200_wtip_1p20000_deflection.csv,vv_0p00200_wtip_1p20000\vv_0p00200_wtip_1p20000.stab,True,True,
vv_0p00200_wtip_1p30000,71,286,0.002,1.3,vv_0p00200_wtip_1p30000,13.5,vv_0p00200_wtip_1p30000\vv_0p00200_wtip_1p30000.vsp3,vv_0p00200_wtip_1p30000\vv_0p00200_wtip_1p30000_deflection.csv,vv_0p00200_wtip_1p30000\vv_0p00200_wtip_1p30000.stab,True,True,
vv_0p00200_wtip_1p40000,72,286,0.002,1.4,vv_0p00200_wtip_1p40000,13.5,vv_0p00200_wtip_1p40000\vv_0p00200_wtip_1p40000.vsp3,vv_0p00200_wtip_1p40000\vv_0p00200_wtip_1p40000_deflection.csv,vv_0p00200_wtip_1p40000\vv_0p00200_wtip_1p40000.stab,True,True,
vv_0p00200_wtip_1p50000,73,286,0.002,1.5,vv_0p00200_wtip_1p50000,13.5,vv_0p00200_wtip_1p50000\vv_0p00200_wtip_1p50000.vsp3,vv_0p00200_wtip_1p50000\vv_0p00200_wtip_1p50000_deflection.csv,vv_0p00200_wtip_1p50000\vv_0p00200_wtip_1p50000.stab,True,True,
vv_0p00200_wtip_1p60000,74,286,0.002,1.6,vv_0p00200_wtip_1p60000,13.5,vv_0p00200_wtip_1p60000\vv_0p00200_wtip_1p60000.vsp3,vv_0p00200_wtip_1p60000\vv_0p00200_wtip_1p60000_deflection.csv,vv_0p00200_wtip_1p60000\vv_0p00200_wtip_1p60000.stab,True,True,
vv_0p00200_wtip_1p70000,75,286,0.002,1.7,vv_0p00200_wtip_1p70000,13.5,vv_0p00200_wtip_1p70000\vv_0p00200_wtip_1p70000.vsp3,vv_0p00200_wtip_1p70000\vv_0p00200_wtip_1p70000_deflection.csv,vv_0p00200_wtip_1p70000\vv_0p00200_wtip_1p70000.stab,True,True,
vv_0p00200_wtip_1p80000,76,286,0.002,1.8,vv_0p00200_wtip_1p80000,13.5,vv_0p00200_wtip_1p80000\vv_0p00200_wtip_1p80000.vsp3,vv_0p00200_wtip_1p80000\vv_0p00200_wtip_1p80000_deflection.csv,vv_0p00200_wtip_1p80000\vv_0p00200_wtip_1p80000.stab,True,True,
vv_0p00200_wtip_1p90000,77,286,0.002,1.9,vv_0p00200_wtip_1p90000,13.5,vv_0p00200_wtip_1p90000\vv_0p00200_wtip_1p90000.vsp3,vv_0p00200_wtip_1p90000\vv_0p00200_wtip_1p90000_deflection.csv,vv_0p00200_wtip_1p90000\vv_0p00200_wtip_1p90000.stab,True,True,
vv_0p00200_wtip_2p00000,78,286,0.002,2.0,vv_0p00200_wtip_2p00000,13.5,vv_0p00200_wtip_2p00000\vv_0p00200_wtip_2p00000.vsp3,vv_0p00200_wtip_2p00000\vv_0p00200_wtip_2p00000_deflection.csv,vv_0p00200_wtip_2p00000\vv_0p00200_wtip_2p00000.stab,True,True,
vv_0p00250_wtip_0p00000,79,286,0.0025,0.0,vv_0p00250_wtip_0p00000,13.5,vv_0p00250_wtip_0p00000\vv_0p00250_wtip_0p00000.vsp3,vv_0p00250_wtip_0p00000\vv_0p00250_wtip_0p00000_deflection.csv,vv_0p00250_wtip_0p00000\vv_0p00250_wtip_0p00000.stab,True,True,
vv_0p00250_wtip_0p10000,80,286,0.0025,0.1,vv_0p00250_wtip_0p10000,13.5,vv_0p00250_wtip_0p10000\vv_0p00250_wtip_0p10000.vsp3,vv_0p00250_wtip_0p10000\vv_0p00250_wtip_0p10000_deflection.csv,vv_0p00250_wtip_0p10000\vv_0p00250_wtip_0p10000.stab,True,True,
vv_0p00250_wtip_0p17307,81,286,0.0025,0.17307,vv_0p00250_wtip_0p17307,13.5,vv_0p00250_wtip_0p17307\vv_0p00250_wtip_0p17307.vsp3,vv_0p00250_wtip_0p17307\vv_0p00250_wtip_0p17307_deflection.csv,vv_0p00250_wtip_0p17307\vv_0p00250_wtip_0p17307.stab,True,True,
vv_0p00250_wtip_0p20000,82,286,0.0025,0.2,vv_0p00250_wtip_0p20000,13.5,vv_0p00250_wtip_0p20000\vv_0p00250_wtip_0p20000.vsp3,vv_0p00250_wtip_0p20000\vv_0p00250_wtip_0p20000_deflection.csv,vv_0p00250_wtip_0p20000\vv_0p00250_wtip_0p20000.stab,True,True,
vv_0p00250_wtip_0p30000,83,286,0.0025,0.3,vv_0p00250_wtip_0p30000,13.5,vv_0p00250_wtip_0p30000\vv_0p00250_wtip_0p30000.vsp3,vv_0p00250_wtip_0p30000\vv_0p00250_wtip_0p30000_deflection.csv,vv_0p00250_wtip_0p30000\vv_0p00250_wtip_0p30000.stab,True,True,
vv_0p00250_wtip_0p30328,84,286,0.0025,0.30328,vv_0p00250_wtip_0p30328,13.5,vv_0p00250_wtip_0p30328\vv_0p00250_wtip_0p30328.vsp3,vv_0p00250_wtip_0p30328\vv_0p00250_wtip_0p30328_deflection.csv,vv_0p00250_wtip_0p30328\vv_0p00250_wtip_0p30328.stab,True,True,
vv_0p00250_wtip_0p40000,85,286,0.0025,0.4,vv_0p00250_wtip_0p40000,13.5,vv_0p00250_wtip_0p40000\vv_0p00250_wtip_0p40000.vsp3,vv_0p00250_wtip_0p40000\vv_0p00250_wtip_0p40000_deflection.csv,vv_0p00250_wtip_0p40000\vv_0p00250_wtip_0p40000.stab,True,True,
vv_0p00250_wtip_0p43348,86,286,0.0025,0.43348,vv_0p00250_wtip_0p43348,13.5,vv_0p00250_wtip_0p43348\vv_0p00250_wtip_0p43348.vsp3,vv_0p00250_wtip_0p43348\vv_0p00250_wtip_0p43348_deflection.csv,vv_0p00250_wtip_0p43348\vv_0p00250_wtip_0p43348.stab,True,True,
vv_0p00250_wtip_0p50000,87,286,0.0025,0.5,vv_0p00250_wtip_0p50000,13.5,vv_0p00250_wtip_0p50000\vv_0p00250_wtip_0p50000.vsp3,vv_0p00250_wtip_0p50000\vv_0p00250_wtip_0p50000_deflection.csv,vv_0p00250_wtip_0p50000\vv_0p00250_wtip_0p50000.stab,True,True,
vv_0p00250_wtip_0p56369,88,286,0.0025,0.56369,vv_0p00250_wtip_0p56369,13.5,vv_0p00250_wtip_0p56369\vv_0p00250_wtip_0p56369.vsp3,vv_0p00250_wtip_0p56369\vv_0p00250_wtip_0p56369_deflection.csv,vv_0p00250_wtip_0p56369\vv_0p00250_wtip_0p56369.stab,True,True,
vv_0p00250_wtip_0p60000,89,286,0.0025,0.6,vv_0p00250_wtip_0p60000,13.5,vv_0p00250_wtip_0p60000\vv_0p00250_wtip_0p60000.vsp3,vv_0p00250_wtip_0p60000\vv_0p00250_wtip_0p60000_deflection.csv,vv_0p00250_wtip_0p60000\vv_0p00250_wtip_0p60000.stab,True,True,
vv_0p00250_wtip_0p69390,90,286,0.0025,0.6939,vv_0p00250_wtip_0p69390,13.5,vv_0p00250_wtip_0p69390\vv_0p00250_wtip_0p69390.vsp3,vv_0p00250_wtip_0p69390\vv_0p00250_wtip_0p69390_deflection.csv,vv_0p00250_wtip_0p69390\vv_0p00250_wtip_0p69390.stab,True,True,
vv_0p00250_wtip_0p70000,91,286,0.0025,0.7,vv_0p00250_wtip_0p70000,13.5,vv_0p00250_wtip_0p70000\vv_0p00250_wtip_0p70000.vsp3,vv_0p00250_wtip_0p70000\vv_0p00250_wtip_0p70000_deflection.csv,vv_0p00250_wtip_0p70000\vv_0p00250_wtip_0p70000.stab,True,True,
vv_0p00250_wtip_0p80000,92,286,0.0025,0.8,vv_0p00250_wtip_0p80000,13.5,vv_0p00250_wtip_0p80000\vv_0p00250_wtip_0p80000.vsp3,vv_0p00250_wtip_0p80000\vv_0p00250_wtip_0p80000_deflection.csv,vv_0p00250_wtip_0p80000\vv_0p00250_wtip_0p80000.stab,True,True,
vv_0p00250_wtip_0p90000,93,286,0.0025,0.9,vv_0p00250_wtip_0p90000,13.5,vv_0p00250_wtip_0p90000\vv_0p00250_wtip_0p90000.vsp3,vv_0p00250_wtip_0p90000\vv_0p00250_wtip_0p90000_deflection.csv,vv_0p00250_wtip_0p90000\vv_0p00250_wtip_0p90000.stab,True,True,
vv_0p00250_wtip_1p00000,94,286,0.0025,1.0,vv_0p00250_wtip_1p00000,13.5,vv_0p00250_wtip_1p00000\vv_0p00250_wtip_1p00000.vsp3,vv_0p00250_wtip_1p00000\vv_0p00250_wtip_1p00000_deflection.csv,vv_0p00250_wtip_1p00000\vv_0p00250_wtip_1p00000.stab,True,True,
vv_0p00250_wtip_1p10000,95,286,0.0025,1.1,vv_0p00250_wtip_1p10000,13.5,vv_0p00250_wtip_1p10000\vv_0p00250_wtip_1p10000.vsp3,vv_0p00250_wtip_1p10000\vv_0p00250_wtip_1p10000_deflection.csv,vv_0p00250_wtip_1p10000\vv_0p00250_wtip_1p10000.stab,True,True,
vv_0p00250_wtip_1p20000,96,286,0.0025,1.2,vv_0p00250_wtip_1p20000,13.5,vv_0p00250_wtip_1p20000\vv_0p00250_wtip_1p20000.vsp3,vv_0p00250_wtip_1p20000\vv_0p00250_wtip_1p20000_deflection.csv,vv_0p00250_wtip_1p20000\vv_0p00250_wtip_1p20000.stab,True,True,
vv_0p00250_wtip_1p30000,97,286,0.0025,1.3,vv_0p00250_wtip_1p30000,13.5,vv_0p00250_wtip_1p30000\vv_0p00250_wtip_1p30000.vsp3,vv_0p00250_wtip_1p30000\vv_0p00250_wtip_1p30000_deflection.csv,vv_0p00250_wtip_1p30000\vv_0p00250_wtip_1p30000.stab,True,True,
vv_0p00250_wtip_1p40000,98,286,0.0025,1.4,vv_0p00250_wtip_1p40000,13.5,vv_0p00250_wtip_1p40000\vv_0p00250_wtip_1p40000.vsp3,vv_0p00250_wtip_1p40000\vv_0p00250_wtip_1p40000_deflection.csv,vv_0p00250_wtip_1p40000\vv_0p00250_wtip_1p40000.stab,True,True,
vv_0p00250_wtip_1p50000,99,286,0.0025,1.5,vv_0p00250_wtip_1p50000,13.5,vv_0p00250_wtip_1p50000\vv_0p00250_wtip_1p50000.vsp3,vv_0p00250_wtip_1p50000\vv_0p00250_wtip_1p50000_deflection.csv,vv_0p00250_wtip_1p50000\vv_0p00250_wtip_1p50000.stab,True,True,
vv_0p00250_wtip_1p60000,100,286,0.0025,1.6,vv_0p00250_wtip_1p60000,13.5,vv_0p00250_wtip_1p60000\vv_0p00250_wtip_1p60000.vsp3,vv_0p00250_wtip_1p60000\vv_0p00250_wtip_1p60000_deflection.csv,vv_0p00250_wtip_1p60000\vv_0p00250_wtip_1p60000.stab,True,True,
vv_0p00250_wtip_1p70000,101,286,0.0025,1.7,vv_0p00250_wtip_1p70000,13.5,vv_0p00250_wtip_1p70000\vv_0p00250_wtip_1p70000.vsp3,vv_0p00250_wtip_1p70000\vv_0p00250_wtip_1p70000_deflection.csv,vv_0p00250_wtip_1p70000\vv_0p00250_wtip_1p70000.stab,True,True,
vv_0p00250_wtip_1p80000,102,286,0.0025,1.8,vv_0p00250_wtip_1p80000,13.5,vv_0p00250_wtip_1p80000\vv_0p00250_wtip_1p80000.vsp3,vv_0p00250_wtip_1p80000\vv_0p00250_wtip_1p80000_deflection.csv,vv_0p00250_wtip_1p80000\vv_0p00250_wtip_1p80000.stab,True,True,
vv_0p00250_wtip_1p90000,103,286,0.0025,1.9,vv_0p00250_wtip_1p90000,13.5,vv_0p00250_wtip_1p90000\vv_0p00250_wtip_1p90000.vsp3,vv_0p00250_wtip_1p90000\vv_0p00250_wtip_1p90000_deflection.csv,vv_0p00250_wtip_1p90000\vv_0p00250_wtip_1p90000.stab,True,True,
vv_0p00250_wtip_2p00000,104,286,0.0025,2.0,vv_0p00250_wtip_2p00000,13.5,vv_0p00250_wtip_2p00000\vv_0p00250_wtip_2p00000.vsp3,vv_0p00250_wtip_2p00000\vv_0p00250_wtip_2p00000_deflection.csv,vv_0p00250_wtip_2p00000\vv_0p00250_wtip_2p00000.stab,True,True,
vv_0p00300_wtip_0p00000,105,286,0.003,0.0,vv_0p00300_wtip_0p00000,13.5,vv_0p00300_wtip_0p00000\vv_0p00300_wtip_0p00000.vsp3,vv_0p00300_wtip_0p00000\vv_0p00300_wtip_0p00000_deflection.csv,vv_0p00300_wtip_0p00000\vv_0p00300_wtip_0p00000.stab,True,True,
vv_0p00300_wtip_0p10000,106,286,0.003,0.1,vv_0p00300_wtip_0p10000,13.5,vv_0p00300_wtip_0p10000\vv_0p00300_wtip_0p10000.vsp3,vv_0p00300_wtip_0p10000\vv_0p00300_wtip_0p10000_deflection.csv,vv_0p00300_wtip_0p10000\vv_0p00300_wtip_0p10000.stab,True,True,
vv_0p00300_wtip_0p20000,108,286,0.003,0.2,vv_0p00300_wtip_0p20000,13.5,vv_0p00300_wtip_0p20000\vv_0p00300_wtip_0p20000.vsp3,vv_0p00300_wtip_0p20000\vv_0p00300_wtip_0p20000_deflection.csv,vv_0p00300_wtip_0p20000\vv_0p00300_wtip_0p20000.stab,True,True,
vv_0p00300_wtip_0p30000,109,286,0.003,0.3,vv_0p00300_wtip_0p30000,13.5,vv_0p00300_wtip_0p30000\vv_0p00300_wtip_0p30000.vsp3,vv_0p00300_wtip_0p30000\vv_0p00300_wtip_0p30000_deflection.csv,vv_0p00300_wtip_0p30000\vv_0p00300_wtip_0p30000.stab,True,True,
vv_0p00300_wtip_0p40000,111,286,0.003,0.4,vv_0p00300_wtip_0p40000,13.5,vv_0p00300_wtip_0p40000\vv_0p00300_wtip_0p40000.vsp3,vv_0p00300_wtip_0p40000\vv_0p00300_wtip_0p40000_deflection.csv,vv_0p00300_wtip_0p40000\vv_0p00300_wtip_0p40000.stab,True,True,
vv_0p00300_wtip_0p50000,113,286,0.003,0.5,vv_0p00300_wtip_0p50000,13.5,vv_0p00300_wtip_0p50000\vv_0p00300_wtip_0p50000.vsp3,vv_0p00300_wtip_0p50000\vv_0p00300_wtip_0p50000_deflection.csv,vv_0p00300_wtip_0p50000\vv_0p00300_wtip_0p50000.stab,True,True,
vv_0p00300_wtip_0p60000,115,286,0.003,0.6,vv_0p00300_wtip_0p60000,13.5,vv_0p00300_wtip_0p60000\vv_0p00300_wtip_0p60000.vsp3,vv_0p00300_wtip_0p60000\vv_0p00300_wtip_0p60000_deflection.csv,vv_0p00300_wtip_0p60000\vv_0p00300_wtip_0p60000.stab,True,True,
vv_0p00300_wtip_0p70000,117,286,0.003,0.7,vv_0p00300_wtip_0p70000,13.5,vv_0p00300_wtip_0p70000\vv_0p00300_wtip_0p70000.vsp3,vv_0p00300_wtip_0p70000\vv_0p00300_wtip_0p70000_deflection.csv,vv_0p00300_wtip_0p70000\vv_0p00300_wtip_0p70000.stab,True,True,
vv_0p00300_wtip_0p80000,118,286,0.003,0.8,vv_0p00300_wtip_0p80000,13.5,vv_0p00300_wtip_0p80000\vv_0p00300_wtip_0p80000.vsp3,vv_0p00300_wtip_0p80000\vv_0p00300_wtip_0p80000_deflection.csv,vv_0p00300_wtip_0p80000\vv_0p00300_wtip_0p80000.stab,True,True,
vv_0p00300_wtip_0p90000,119,286,0.003,0.9,vv_0p00300_wtip_0p90000,13.5,vv_0p00300_wtip_0p90000\vv_0p00300_wtip_0p90000.vsp3,vv_0p00300_wtip_0p90000\vv_0p00300_wtip_0p90000_deflection.csv,vv_0p00300_wtip_0p90000\vv_0p00300_wtip_0p90000.stab,True,True,
vv_0p00300_wtip_1p00000,120,286,0.003,1.0,vv_0p00300_wtip_1p00000,13.5,vv_0p00300_wtip_1p00000\vv_0p00300_wtip_1p00000.vsp3,vv_0p00300_wtip_1p00000\vv_0p00300_wtip_1p00000_deflection.csv,vv_0p00300_wtip_1p00000\vv_0p00300_wtip_1p00000.stab,True,True,
vv_0p00300_wtip_1p10000,121,286,0.003,1.1,vv_0p00300_wtip_1p10000,13.5,vv_0p00300_wtip_1p10000\vv_0p00300_wtip_1p10000.vsp3,vv_0p00300_wtip_1p10000\vv_0p00300_wtip_1p10000_deflection.csv,vv_0p00300_wtip_1p10000\vv_0p00300_wtip_1p10000.stab,True,True,
vv_0p00300_wtip_1p20000,122,286,0.003,1.2,vv_0p00300_wtip_1p20000,13.5,vv_0p00300_wtip_1p20000\vv_0p00300_wtip_1p20000.vsp3,vv_0p00300_wtip_1p20000\vv_0p00300_wtip_1p20000_deflection.csv,vv_0p00300_wtip_1p20000\vv_0p00300_wtip_1p20000.stab,True,True,
vv_0p00300_wtip_1p30000,123,286,0.003,1.3,vv_0p00300_wtip_1p30000,13.5,vv_0p00300_wtip_1p30000\vv_0p00300_wtip_1p30000.vsp3,vv_0p00300_wtip_1p30000\vv_0p00300_wtip_1p30000_deflection.csv,vv_0p00300_wtip_1p30000\vv_0p00300_wtip_1p30000.stab,True,True,
vv_0p00300_wtip_1p40000,124,286,0.003,1.4,vv_0p00300_wtip_1p40000,13.5,vv_0p00300_wtip_1p40000\vv_0p00300_wtip_1p40000.vsp3,vv_0p00300_wtip_1p40000\vv_0p00300_wtip_1p40000_deflection.csv,vv_0p00300_wtip_1p40000\vv_0p00300_wtip_1p40000.stab,True,True,
vv_0p00300_wtip_1p50000,125,286,0.003,1.5,vv_0p00300_wtip_1p50000,13.5,vv_0p00300_wtip_1p50000\vv_0p00300_wtip_1p50000.vsp3,vv_0p00300_wtip_1p50000\vv_0p00300_wtip_1p50000_deflection.csv,vv_0p00300_wtip_1p50000\vv_0p00300_wtip_1p50000.stab,True,True,
vv_0p00300_wtip_1p60000,126,286,0.003,1.6,vv_0p00300_wtip_1p60000,13.5,vv_0p00300_wtip_1p60000\vv_0p00300_wtip_1p60000.vsp3,vv_0p00300_wtip_1p60000\vv_0p00300_wtip_1p60000_deflection.csv,vv_0p00300_wtip_1p60000\vv_0p00300_wtip_1p60000.stab,True,True,
vv_0p00300_wtip_1p70000,127,286,0.003,1.7,vv_0p00300_wtip_1p70000,13.5,vv_0p00300_wtip_1p70000\vv_0p00300_wtip_1p70000.vsp3,vv_0p00300_wtip_1p70000\vv_0p00300_wtip_1p70000_deflection.csv,vv_0p00300_wtip_1p70000\vv_0p00300_wtip_1p70000.stab,True,True,
vv_0p00300_wtip_1p80000,128,286,0.003,1.8,vv_0p00300_wtip_1p80000,13.5,vv_0p00300_wtip_1p80000\vv_0p00300_wtip_1p80000.vsp3,vv_0p00300_wtip_1p80000\vv_0p00300_wtip_1p80000_deflection.csv,vv_0p00300_wtip_1p80000\vv_0p00300_wtip_1p80000.stab,True,True,
vv_0p00300_wtip_1p90000,129,286,0.003,1.9,vv_0p00300_wtip_1p90000,13.5,vv_0p00300_wtip_1p90000\vv_0p00300_wtip_1p90000.vsp3,vv_0p00300_wtip_1p90000\vv_0p00300_wtip_1p90000_deflection.csv,vv_0p00300_wtip_1p90000\vv_0p00300_wtip_1p90000.stab,True,True,
vv_0p00300_wtip_2p00000,130,286,0.003,2.0,vv_0p00300_wtip_2p00000,13.5,vv_0p00300_wtip_2p00000\vv_0p00300_wtip_2p00000.vsp3,vv_0p00300_wtip_2p00000\vv_0p00300_wtip_2p00000_deflection.csv,vv_0p00300_wtip_2p00000\vv_0p00300_wtip_2p00000.stab,True,True,
vv_0p00350_wtip_0p00000,131,286,0.0035,0.0,vv_0p00350_wtip_0p00000,13.5,vv_0p00350_wtip_0p00000\vv_0p00350_wtip_0p00000.vsp3,vv_0p00350_wtip_0p00000\vv_0p00350_wtip_0p00000_deflection.csv,vv_0p00350_wtip_0p00000\vv_0p00350_wtip_0p00000.stab,True,True,
vv_0p00350_wtip_0p10000,132,286,0.0035,0.1,vv_0p00350_wtip_0p10000,13.5,vv_0p00350_wtip_0p10000\vv_0p00350_wtip_0p10000.vsp3,vv_0p00350_wtip_0p10000\vv_0p00350_wtip_0p10000_deflection.csv,vv_0p00350_wtip_0p10000\vv_0p00350_wtip_0p10000.stab,True,True,
vv_0p00350_wtip_0p17307,133,286,0.0035,0.17307,vv_0p00350_wtip_0p17307,13.5,vv_0p00350_wtip_0p17307\vv_0p00350_wtip_0p17307.vsp3,vv_0p00350_wtip_0p17307\vv_0p00350_wtip_0p17307_deflection.csv,vv_0p00350_wtip_0p17307\vv_0p00350_wtip_0p17307.stab,True,True,
vv_0p00350_wtip_0p20000,134,286,0.0035,0.2,vv_0p00350_wtip_0p20000,13.5,vv_0p00350_wtip_0p20000\vv_0p00350_wtip_0p20000.vsp3,vv_0p00350_wtip_0p20000\vv_0p00350_wtip_0p20000_deflection.csv,vv_0p00350_wtip_0p20000\vv_0p00350_wtip_0p20000.stab,True,True,
vv_0p00350_wtip_0p30000,135,286,0.0035,0.3,vv_0p00350_wtip_0p30000,13.5,vv_0p00350_wtip_0p30000\vv_0p00350_wtip_0p30000.vsp3,vv_0p00350_wtip_0p30000\vv_0p00350_wtip_0p30000_deflection.csv,vv_0p00350_wtip_0p30000\vv_0p00350_wtip_0p30000.stab,True,True,
vv_0p00350_wtip_0p30328,136,286,0.0035,0.30328,vv_0p00350_wtip_0p30328,13.5,vv_0p00350_wtip_0p30328\vv_0p00350_wtip_0p30328.vsp3,vv_0p00350_wtip_0p30328\vv_0p00350_wtip_0p30328_deflection.csv,vv_0p00350_wtip_0p30328\vv_0p00350_wtip_0p30328.stab,True,True,
vv_0p00350_wtip_0p40000,137,286,0.0035,0.4,vv_0p00350_wtip_0p40000,13.5,vv_0p00350_wtip_0p40000\vv_0p00350_wtip_0p40000.vsp3,vv_0p00350_wtip_0p40000\vv_0p00350_wtip_0p40000_deflection.csv,vv_0p00350_wtip_0p40000\vv_0p00350_wtip_0p40000.stab,True,True,
vv_0p00350_wtip_0p43348,138,286,0.0035,0.43348,vv_0p00350_wtip_0p43348,13.5,vv_0p00350_wtip_0p43348\vv_0p00350_wtip_0p43348.vsp3,vv_0p00350_wtip_0p43348\vv_0p00350_wtip_0p43348_deflection.csv,vv_0p00350_wtip_0p43348\vv_0p00350_wtip_0p43348.stab,True,True,
vv_0p00350_wtip_0p50000,139,286,0.0035,0.5,vv_0p00350_wtip_0p50000,13.5,vv_0p00350_wtip_0p50000\vv_0p00350_wtip_0p50000.vsp3,vv_0p00350_wtip_0p50000\vv_0p00350_wtip_0p50000_deflection.csv,vv_0p00350_wtip_0p50000\vv_0p00350_wtip_0p50000.stab,True,True,
vv_0p00350_wtip_0p56369,140,286,0.0035,0.56369,vv_0p00350_wtip_0p56369,13.5,vv_0p00350_wtip_0p56369\vv_0p00350_wtip_0p56369.vsp3,vv_0p00350_wtip_0p56369\vv_0p00350_wtip_0p56369_deflection.csv,vv_0p00350_wtip_0p56369\vv_0p00350_wtip_0p56369.stab,True,True,
vv_0p00350_wtip_0p60000,141,286,0.0035,0.6,vv_0p00350_wtip_0p60000,13.5,vv_0p00350_wtip_0p60000\vv_0p00350_wtip_0p60000.vsp3,vv_0p00350_wtip_0p60000\vv_0p00350_wtip_0p60000_deflection.csv,vv_0p00350_wtip_0p60000\vv_0p00350_wtip_0p60000.stab,True,True,
vv_0p00350_wtip_0p69390,142,286,0.0035,0.6939,vv_0p00350_wtip_0p69390,13.5,vv_0p00350_wtip_0p69390\vv_0p00350_wtip_0p69390.vsp3,vv_0p00350_wtip_0p69390\vv_0p00350_wtip_0p69390_deflection.csv,vv_0p00350_wtip_0p69390\vv_0p00350_wtip_0p69390.stab,True,True,
vv_0p00350_wtip_0p70000,143,286,0.0035,0.7,vv_0p00350_wtip_0p70000,13.5,vv_0p00350_wtip_0p70000\vv_0p00350_wtip_0p70000.vsp3,vv_0p00350_wtip_0p70000\vv_0p00350_wtip_0p70000_deflection.csv,vv_0p00350_wtip_0p70000\vv_0p00350_wtip_0p70000.stab,True,True,
vv_0p00350_wtip_0p80000,144,286,0.0035,0.8,vv_0p00350_wtip_0p80000,13.5,vv_0p00350_wtip_0p80000\vv_0p00350_wtip_0p80000.vsp3,vv_0p00350_wtip_0p80000\vv_0p00350_wtip_0p80000_deflection.csv,vv_0p00350_wtip_0p80000\vv_0p00350_wtip_0p80000.stab,True,True,
vv_0p00350_wtip_0p90000,145,286,0.0035,0.9,vv_0p00350_wtip_0p90000,13.5,vv_0p00350_wtip_0p90000\vv_0p00350_wtip_0p90000.vsp3,vv_0p00350_wtip_0p90000\vv_0p00350_wtip_0p90000_deflection.csv,vv_0p00350_wtip_0p90000\vv_0p00350_wtip_0p90000.stab,True,True,
vv_0p00350_wtip_1p00000,146,286,0.0035,1.0,vv_0p00350_wtip_1p00000,13.5,vv_0p00350_wtip_1p00000\vv_0p00350_wtip_1p00000.vsp3,vv_0p00350_wtip_1p00000\vv_0p00350_wtip_1p00000_deflection.csv,vv_0p00350_wtip_1p00000\vv_0p00350_wtip_1p00000.stab,True,True,
vv_0p00350_wtip_1p10000,147,286,0.0035,1.1,vv_0p00350_wtip_1p10000,13.5,vv_0p00350_wtip_1p10000\vv_0p00350_wtip_1p10000.vsp3,vv_0p00350_wtip_1p10000\vv_0p00350_wtip_1p10000_deflection.csv,vv_0p00350_wtip_1p10000\vv_0p00350_wtip_1p10000.stab,True,True,
vv_0p00350_wtip_1p20000,148,286,0.0035,1.2,vv_0p00350_wtip_1p20000,13.5,vv_0p00350_wtip_1p20000\vv_0p00350_wtip_1p20000.vsp3,vv_0p00350_wtip_1p20000\vv_0p00350_wtip_1p20000_deflection.csv,vv_0p00350_wtip_1p20000\vv_0p00350_wtip_1p20000.stab,True,True,
vv_0p00350_wtip_1p30000,149,286,0.0035,1.3,vv_0p00350_wtip_1p30000,13.5,vv_0p00350_wtip_1p30000\vv_0p00350_wtip_1p30000.vsp3,vv_0p00350_wtip_1p30000\vv_0p00350_wtip_1p30000_deflection.csv,vv_0p00350_wtip_1p30000\vv_0p00350_wtip_1p30000.stab,True,True,
vv_0p00350_wtip_1p40000,150,286,0.0035,1.4,vv_0p00350_wtip_1p40000,13.5,vv_0p00350_wtip_1p40000\vv_0p00350_wtip_1p40000.vsp3,vv_0p00350_wtip_1p40000\vv_0p00350_wtip_1p40000_deflection.csv,vv_0p00350_wtip_1p40000\vv_0p00350_wtip_1p40000.stab,True,True,
vv_0p00350_wtip_1p50000,151,286,0.0035,1.5,vv_0p00350_wtip_1p50000,13.5,vv_0p00350_wtip_1p50000\vv_0p00350_wtip_1p50000.vsp3,vv_0p00350_wtip_1p50000\vv_0p00350_wtip_1p50000_deflection.csv,vv_0p00350_wtip_1p50000\vv_0p00350_wtip_1p50000.stab,True,True,
vv_0p00350_wtip_1p60000,152,286,0.0035,1.6,vv_0p00350_wtip_1p60000,13.5,vv_0p00350_wtip_1p60000\vv_0p00350_wtip_1p60000.vsp3,vv_0p00350_wtip_1p60000\vv_0p00350_wtip_1p60000_deflection.csv,vv_0p00350_wtip_1p60000\vv_0p00350_wtip_1p60000.stab,True,True,
vv_0p00350_wtip_1p70000,153,286,0.0035,1.7,vv_0p00350_wtip_1p70000,13.5,vv_0p00350_wtip_1p70000\vv_0p00350_wtip_1p70000.vsp3,vv_0p00350_wtip_1p70000\vv_0p00350_wtip_1p70000_deflection.csv,vv_0p00350_wtip_1p70000\vv_0p00350_wtip_1p70000.stab,True,True,
vv_0p00350_wtip_1p80000,154,286,0.0035,1.8,vv_0p00350_wtip_1p80000,13.5,vv_0p00350_wtip_1p80000\vv_0p00350_wtip_1p80000.vsp3,vv_0p00350_wtip_1p80000\vv_0p00350_wtip_1p80000_deflection.csv,vv_0p00350_wtip_1p80000\vv_0p00350_wtip_1p80000.stab,True,True,
vv_0p00350_wtip_1p90000,155,286,0.0035,1.9,vv_0p00350_wtip_1p90000,13.5,vv_0p00350_wtip_1p90000\vv_0p00350_wtip_1p90000.vsp3,vv_0p00350_wtip_1p90000\vv_0p00350_wtip_1p90000_deflection.csv,vv_0p00350_wtip_1p90000\vv_0p00350_wtip_1p90000.stab,True,True,
vv_0p00350_wtip_2p00000,156,286,0.0035,2.0,vv_0p00350_wtip_2p00000,13.5,vv_0p00350_wtip_2p00000\vv_0p00350_wtip_2p00000.vsp3,vv_0p00350_wtip_2p00000\vv_0p00350_wtip_2p00000_deflection.csv,vv_0p00350_wtip_2p00000\vv_0p00350_wtip_2p00000.stab,True,True,
vv_0p00400_wtip_0p00000,157,286,0.004,0.0,vv_0p00400_wtip_0p00000,13.5,vv_0p00400_wtip_0p00000\vv_0p00400_wtip_0p00000.vsp3,vv_0p00400_wtip_0p00000\vv_0p00400_wtip_0p00000_deflection.csv,vv_0p00400_wtip_0p00000\vv_0p00400_wtip_0p00000.stab,True,True,
vv_0p00400_wtip_0p10000,158,286,0.004,0.1,vv_0p00400_wtip_0p10000,13.5,vv_0p00400_wtip_0p10000\vv_0p00400_wtip_0p10000.vsp3,vv_0p00400_wtip_0p10000\vv_0p00400_wtip_0p10000_deflection.csv,vv_0p00400_wtip_0p10000\vv_0p00400_wtip_0p10000.stab,True,True,
vv_0p00400_wtip_0p20000,160,286,0.004,0.2,vv_0p00400_wtip_0p20000,13.5,vv_0p00400_wtip_0p20000\vv_0p00400_wtip_0p20000.vsp3,vv_0p00400_wtip_0p20000\vv_0p00400_wtip_0p20000_deflection.csv,vv_0p00400_wtip_0p20000\vv_0p00400_wtip_0p20000.stab,True,True,
vv_0p00400_wtip_0p30000,161,286,0.004,0.3,vv_0p00400_wtip_0p30000,13.5,vv_0p00400_wtip_0p30000\vv_0p00400_wtip_0p30000.vsp3,vv_0p00400_wtip_0p30000\vv_0p00400_wtip_0p30000_deflection.csv,vv_0p00400_wtip_0p30000\vv_0p00400_wtip_0p30000.stab,True,True,
vv_0p00400_wtip_0p40000,163,286,0.004,0.4,vv_0p00400_wtip_0p40000,13.5,vv_0p00400_wtip_0p40000\vv_0p00400_wtip_0p40000.vsp3,vv_0p00400_wtip_0p40000\vv_0p00400_wtip_0p40000_deflection.csv,vv_0p00400_wtip_0p40000\vv_0p00400_wtip_0p40000.stab,True,True,
vv_0p00400_wtip_0p50000,165,286,0.004,0.5,vv_0p00400_wtip_0p50000,13.5,vv_0p00400_wtip_0p50000\vv_0p00400_wtip_0p50000.vsp3,vv_0p00400_wtip_0p50000\vv_0p00400_wtip_0p50000_deflection.csv,vv_0p00400_wtip_0p50000\vv_0p00400_wtip_0p50000.stab,True,True,
vv_0p00400_wtip_0p60000,167,286,0.004,0.6,vv_0p00400_wtip_0p60000,13.5,vv_0p00400_wtip_0p60000\vv_0p00400_wtip_0p60000.vsp3,vv_0p00400_wtip_0p60000\vv_0p00400_wtip_0p60000_deflection.csv,vv_0p00400_wtip_0p60000\vv_0p00400_wtip_0p60000.stab,True,True,
vv_0p00400_wtip_0p70000,169,286,0.004,0.7,vv_0p00400_wtip_0p70000,13.5,vv_0p00400_wtip_0p70000\vv_0p00400_wtip_0p70000.vsp3,vv_0p00400_wtip_0p70000\vv_0p00400_wtip_0p70000_deflection.csv,vv_0p00400_wtip_0p70000\vv_0p00400_wtip_0p70000.stab,True,True,
vv_0p00400_wtip_0p80000,170,286,0.004,0.8,vv_0p00400_wtip_0p80000,13.5,vv_0p00400_wtip_0p80000\vv_0p00400_wtip_0p80000.vsp3,vv_0p00400_wtip_0p80000\vv_0p00400_wtip_0p80000_deflection.csv,vv_0p00400_wtip_0p80000\vv_0p00400_wtip_0p80000.stab,True,True,
vv_0p00400_wtip_0p90000,171,286,0.004,0.9,vv_0p00400_wtip_0p90000,13.5,vv_0p00400_wtip_0p90000\vv_0p00400_wtip_0p90000.vsp3,vv_0p00400_wtip_0p90000\vv_0p00400_wtip_0p90000_deflection.csv,vv_0p00400_wtip_0p90000\vv_0p00400_wtip_0p90000.stab,True,True,
vv_0p00400_wtip_1p00000,172,286,0.004,1.0,vv_0p00400_wtip_1p00000,13.5,vv_0p00400_wtip_1p00000\vv_0p00400_wtip_1p00000.vsp3,vv_0p00400_wtip_1p00000\vv_0p00400_wtip_1p00000_deflection.csv,vv_0p00400_wtip_1p00000\vv_0p00400_wtip_1p00000.stab,True,True,
vv_0p00400_wtip_1p10000,173,286,0.004,1.1,vv_0p00400_wtip_1p10000,13.5,vv_0p00400_wtip_1p10000\vv_0p00400_wtip_1p10000.vsp3,vv_0p00400_wtip_1p10000\vv_0p00400_wtip_1p10000_deflection.csv,vv_0p00400_wtip_1p10000\vv_0p00400_wtip_1p10000.stab,True,True,
vv_0p00400_wtip_1p20000,174,286,0.004,1.2,vv_0p00400_wtip_1p20000,13.5,vv_0p00400_wtip_1p20000\vv_0p00400_wtip_1p20000.vsp3,vv_0p00400_wtip_1p20000\vv_0p00400_wtip_1p20000_deflection.csv,vv_0p00400_wtip_1p20000\vv_0p00400_wtip_1p20000.stab,True,True,
vv_0p00400_wtip_1p30000,175,286,0.004,1.3,vv_0p00400_wtip_1p30000,13.5,vv_0p00400_wtip_1p30000\vv_0p00400_wtip_1p30000.vsp3,vv_0p00400_wtip_1p30000\vv_0p00400_wtip_1p30000_deflection.csv,vv_0p00400_wtip_1p30000\vv_0p00400_wtip_1p30000.stab,True,True,
vv_0p00400_wtip_1p40000,176,286,0.004,1.4,vv_0p00400_wtip_1p40000,13.5,vv_0p00400_wtip_1p40000\vv_0p00400_wtip_1p40000.vsp3,vv_0p00400_wtip_1p40000\vv_0p00400_wtip_1p40000_deflection.csv,vv_0p00400_wtip_1p40000\vv_0p00400_wtip_1p40000.stab,True,True,
vv_0p00400_wtip_1p50000,177,286,0.004,1.5,vv_0p00400_wtip_1p50000,13.5,vv_0p00400_wtip_1p50000\vv_0p00400_wtip_1p50000.vsp3,vv_0p00400_wtip_1p50000\vv_0p00400_wtip_1p50000_deflection.csv,vv_0p00400_wtip_1p50000\vv_0p00400_wtip_1p50000.stab,True,True,
vv_0p00400_wtip_1p60000,178,286,0.004,1.6,vv_0p00400_wtip_1p60000,13.5,vv_0p00400_wtip_1p60000\vv_0p00400_wtip_1p60000.vsp3,vv_0p00400_wtip_1p60000\vv_0p00400_wtip_1p60000_deflection.csv,vv_0p00400_wtip_1p60000\vv_0p00400_wtip_1p60000.stab,True,True,
vv_0p00400_wtip_1p70000,179,286,0.004,1.7,vv_0p00400_wtip_1p70000,13.5,vv_0p00400_wtip_1p70000\vv_0p00400_wtip_1p70000.vsp3,vv_0p00400_wtip_1p70000\vv_0p00400_wtip_1p70000_deflection.csv,vv_0p00400_wtip_1p70000\vv_0p00400_wtip_1p70000.stab,True,True,
vv_0p00400_wtip_1p80000,180,286,0.004,1.8,vv_0p00400_wtip_1p80000,13.5,vv_0p00400_wtip_1p80000\vv_0p00400_wtip_1p80000.vsp3,vv_0p00400_wtip_1p80000\vv_0p00400_wtip_1p80000_deflection.csv,vv_0p00400_wtip_1p80000\vv_0p00400_wtip_1p80000.stab,True,True,
vv_0p00400_wtip_1p90000,181,286,0.004,1.9,vv_0p00400_wtip_1p90000,13.5,vv_0p00400_wtip_1p90000\vv_0p00400_wtip_1p90000.vsp3,vv_0p00400_wtip_1p90000\vv_0p00400_wtip_1p90000_deflection.csv,vv_0p00400_wtip_1p90000\vv_0p00400_wtip_1p90000.stab,True,True,
vv_0p00400_wtip_2p00000,182,286,0.004,2.0,vv_0p00400_wtip_2p00000,13.5,vv_0p00400_wtip_2p00000\vv_0p00400_wtip_2p00000.vsp3,vv_0p00400_wtip_2p00000\vv_0p00400_wtip_2p00000_deflection.csv,vv_0p00400_wtip_2p00000\vv_0p00400_wtip_2p00000.stab,True,True,
vv_0p00450_wtip_0p00000,183,286,0.0045,0.0,vv_0p00450_wtip_0p00000,13.5,vv_0p00450_wtip_0p00000\vv_0p00450_wtip_0p00000.vsp3,vv_0p00450_wtip_0p00000\vv_0p00450_wtip_0p00000_deflection.csv,vv_0p00450_wtip_0p00000\vv_0p00450_wtip_0p00000.stab,True,True,
vv_0p00450_wtip_0p10000,184,286,0.0045,0.1,vv_0p00450_wtip_0p10000,13.5,vv_0p00450_wtip_0p10000\vv_0p00450_wtip_0p10000.vsp3,vv_0p00450_wtip_0p10000\vv_0p00450_wtip_0p10000_deflection.csv,vv_0p00450_wtip_0p10000\vv_0p00450_wtip_0p10000.stab,True,True,
vv_0p00450_wtip_0p17307,185,286,0.0045,0.17307,vv_0p00450_wtip_0p17307,13.5,vv_0p00450_wtip_0p17307\vv_0p00450_wtip_0p17307.vsp3,vv_0p00450_wtip_0p17307\vv_0p00450_wtip_0p17307_deflection.csv,vv_0p00450_wtip_0p17307\vv_0p00450_wtip_0p17307.stab,True,True,
vv_0p00450_wtip_0p20000,186,286,0.0045,0.2,vv_0p00450_wtip_0p20000,13.5,vv_0p00450_wtip_0p20000\vv_0p00450_wtip_0p20000.vsp3,vv_0p00450_wtip_0p20000\vv_0p00450_wtip_0p20000_deflection.csv,vv_0p00450_wtip_0p20000\vv_0p00450_wtip_0p20000.stab,True,True,
vv_0p00450_wtip_0p30000,187,286,0.0045,0.3,vv_0p00450_wtip_0p30000,13.5,vv_0p00450_wtip_0p30000\vv_0p00450_wtip_0p30000.vsp3,vv_0p00450_wtip_0p30000\vv_0p00450_wtip_0p30000_deflection.csv,vv_0p00450_wtip_0p30000\vv_0p00450_wtip_0p30000.stab,True,True,
vv_0p00450_wtip_0p30328,188,286,0.0045,0.30328,vv_0p00450_wtip_0p30328,13.5,vv_0p00450_wtip_0p30328\vv_0p00450_wtip_0p30328.vsp3,vv_0p00450_wtip_0p30328\vv_0p00450_wtip_0p30328_deflection.csv,vv_0p00450_wtip_0p30328\vv_0p00450_wtip_0p30328.stab,True,True,
vv_0p00450_wtip_0p40000,189,286,0.0045,0.4,vv_0p00450_wtip_0p40000,13.5,vv_0p00450_wtip_0p40000\vv_0p00450_wtip_0p40000.vsp3,vv_0p00450_wtip_0p40000\vv_0p00450_wtip_0p40000_deflection.csv,vv_0p00450_wtip_0p40000\vv_0p00450_wtip_0p40000.stab,True,True,
vv_0p00450_wtip_0p43348,190,286,0.0045,0.43348,vv_0p00450_wtip_0p43348,13.5,vv_0p00450_wtip_0p43348\vv_0p00450_wtip_0p43348.vsp3,vv_0p00450_wtip_0p43348\vv_0p00450_wtip_0p43348_deflection.csv,vv_0p00450_wtip_0p43348\vv_0p00450_wtip_0p43348.stab,True,True,
vv_0p00450_wtip_0p50000,191,286,0.0045,0.5,vv_0p00450_wtip_0p50000,13.5,vv_0p00450_wtip_0p50000\vv_0p00450_wtip_0p50000.vsp3,vv_0p00450_wtip_0p50000\vv_0p00450_wtip_0p50000_deflection.csv,vv_0p00450_wtip_0p50000\vv_0p00450_wtip_0p50000.stab,True,True,
vv_0p00450_wtip_0p56369,192,286,0.0045,0.56369,vv_0p00450_wtip_0p56369,13.5,vv_0p00450_wtip_0p56369\vv_0p00450_wtip_0p56369.vsp3,vv_0p00450_wtip_0p56369\vv_0p00450_wtip_0p56369_deflection.csv,vv_0p00450_wtip_0p56369\vv_0p00450_wtip_0p56369.stab,True,True,
vv_0p00450_wtip_0p60000,193,286,0.0045,0.6,vv_0p00450_wtip_0p60000,13.5,vv_0p00450_wtip_0p60000\vv_0p00450_wtip_0p60000.vsp3,vv_0p00450_wtip_0p60000\vv_0p00450_wtip_0p60000_deflection.csv,vv_0p00450_wtip_0p60000\vv_0p00450_wtip_0p60000.stab,True,True,
vv_0p00450_wtip_0p69390,194,286,0.0045,0.6939,vv_0p00450_wtip_0p69390,13.5,vv_0p00450_wtip_0p69390\vv_0p00450_wtip_0p69390.vsp3,vv_0p00450_wtip_0p69390\vv_0p00450_wtip_0p69390_deflection.csv,vv_0p00450_wtip_0p69390\vv_0p00450_wtip_0p69390.stab,True,True,
vv_0p00450_wtip_0p70000,195,286,0.0045,0.7,vv_0p00450_wtip_0p70000,13.5,vv_0p00450_wtip_0p70000\vv_0p00450_wtip_0p70000.vsp3,vv_0p00450_wtip_0p70000\vv_0p00450_wtip_0p70000_deflection.csv,vv_0p00450_wtip_0p70000\vv_0p00450_wtip_0p70000.stab,True,True,
vv_0p00450_wtip_0p80000,196,286,0.0045,0.8,vv_0p00450_wtip_0p80000,13.5,vv_0p00450_wtip_0p80000\vv_0p00450_wtip_0p80000.vsp3,vv_0p00450_wtip_0p80000\vv_0p00450_wtip_0p80000_deflection.csv,vv_0p00450_wtip_0p80000\vv_0p00450_wtip_0p80000.stab,True,True,
vv_0p00450_wtip_0p90000,197,286,0.0045,0.9,vv_0p00450_wtip_0p90000,13.5,vv_0p00450_wtip_0p90000\vv_0p00450_wtip_0p90000.vsp3,vv_0p00450_wtip_0p90000\vv_0p00450_wtip_0p90000_deflection.csv,vv_0p00450_wtip_0p90000\vv_0p00450_wtip_0p90000.stab,True,True,
vv_0p00450_wtip_1p00000,198,286,0.0045,1.0,vv_0p00450_wtip_1p00000,13.5,vv_0p00450_wtip_1p00000\vv_0p00450_wtip_1p00000.vsp3,vv_0p00450_wtip_1p00000\vv_0p00450_wtip_1p00000_deflection.csv,vv_0p00450_wtip_1p00000\vv_0p00450_wtip_1p00000.stab,True,True,
vv_0p00450_wtip_1p10000,199,286,0.0045,1.1,vv_0p00450_wtip_1p10000,13.5,vv_0p00450_wtip_1p10000\vv_0p00450_wtip_1p10000.vsp3,vv_0p00450_wtip_1p10000\vv_0p00450_wtip_1p10000_deflection.csv,vv_0p00450_wtip_1p10000\vv_0p00450_wtip_1p10000.stab,True,True,
vv_0p00450_wtip_1p20000,200,286,0.0045,1.2,vv_0p00450_wtip_1p20000,13.5,vv_0p00450_wtip_1p20000\vv_0p00450_wtip_1p20000.vsp3,vv_0p00450_wtip_1p20000\vv_0p00450_wtip_1p20000_deflection.csv,vv_0p00450_wtip_1p20000\vv_0p00450_wtip_1p20000.stab,True,True,
vv_0p00450_wtip_1p30000,201,286,0.0045,1.3,vv_0p00450_wtip_1p30000,13.5,vv_0p00450_wtip_1p30000\vv_0p00450_wtip_1p30000.vsp3,vv_0p00450_wtip_1p30000\vv_0p00450_wtip_1p30000_deflection.csv,vv_0p00450_wtip_1p30000\vv_0p00450_wtip_1p30000.stab,True,True,
vv_0p00450_wtip_1p40000,202,286,0.0045,1.4,vv_0p00450_wtip_1p40000,13.5,vv_0p00450_wtip_1p40000\vv_0p00450_wtip_1p40000.vsp3,vv_0p00450_wtip_1p40000\vv_0p00450_wtip_1p40000_deflection.csv,vv_0p00450_wtip_1p40000\vv_0p00450_wtip_1p40000.stab,True,True,
vv_0p00450_wtip_1p50000,203,286,0.0045,1.5,vv_0p00450_wtip_1p50000,13.5,vv_0p00450_wtip_1p50000\vv_0p00450_wtip_1p50000.vsp3,vv_0p00450_wtip_1p50000\vv_0p00450_wtip_1p50000_deflection.csv,vv_0p00450_wtip_1p50000\vv_0p00450_wtip_1p50000.stab,True,True,
vv_0p00450_wtip_1p60000,204,286,0.0045,1.6,vv_0p00450_wtip_1p60000,13.5,vv_0p00450_wtip_1p60000\vv_0p00450_wtip_1p60000.vsp3,vv_0p00450_wtip_1p60000\vv_0p00450_wtip_1p60000_deflection.csv,vv_0p00450_wtip_1p60000\vv_0p00450_wtip_1p60000.stab,True,True,
vv_0p00450_wtip_1p70000,205,286,0.0045,1.7,vv_0p00450_wtip_1p70000,13.5,vv_0p00450_wtip_1p70000\vv_0p00450_wtip_1p70000.vsp3,vv_0p00450_wtip_1p70000\vv_0p00450_wtip_1p70000_deflection.csv,vv_0p00450_wtip_1p70000\vv_0p00450_wtip_1p70000.stab,True,True,
vv_0p00450_wtip_1p80000,206,286,0.0045,1.8,vv_0p00450_wtip_1p80000,13.5,vv_0p00450_wtip_1p80000\vv_0p00450_wtip_1p80000.vsp3,vv_0p00450_wtip_1p80000\vv_0p00450_wtip_1p80000_deflection.csv,vv_0p00450_wtip_1p80000\vv_0p00450_wtip_1p80000.stab,True,True,
vv_0p00450_wtip_1p90000,207,286,0.0045,1.9,vv_0p00450_wtip_1p90000,13.5,vv_0p00450_wtip_1p90000\vv_0p00450_wtip_1p90000.vsp3,vv_0p00450_wtip_1p90000\vv_0p00450_wtip_1p90000_deflection.csv,vv_0p00450_wtip_1p90000\vv_0p00450_wtip_1p90000.stab,True,True,
vv_0p00450_wtip_2p00000,208,286,0.0045,2.0,vv_0p00450_wtip_2p00000,13.5,vv_0p00450_wtip_2p00000\vv_0p00450_wtip_2p00000.vsp3,vv_0p00450_wtip_2p00000\vv_0p00450_wtip_2p00000_deflection.csv,vv_0p00450_wtip_2p00000\vv_0p00450_wtip_2p00000.stab,True,True,
vv_0p00500_wtip_0p00000,209,286,0.005,0.0,vv_0p00500_wtip_0p00000,13.5,vv_0p00500_wtip_0p00000\vv_0p00500_wtip_0p00000.vsp3,vv_0p00500_wtip_0p00000\vv_0p00500_wtip_0p00000_deflection.csv,vv_0p00500_wtip_0p00000\vv_0p00500_wtip_0p00000.stab,True,True,
vv_0p00500_wtip_0p10000,210,286,0.005,0.1,vv_0p00500_wtip_0p10000,13.5,vv_0p00500_wtip_0p10000\vv_0p00500_wtip_0p10000.vsp3,vv_0p00500_wtip_0p10000\vv_0p00500_wtip_0p10000_deflection.csv,vv_0p00500_wtip_0p10000\vv_0p00500_wtip_0p10000.stab,True,True,
vv_0p00500_wtip_0p20000,212,286,0.005,0.2,vv_0p00500_wtip_0p20000,13.5,vv_0p00500_wtip_0p20000\vv_0p00500_wtip_0p20000.vsp3,vv_0p00500_wtip_0p20000\vv_0p00500_wtip_0p20000_deflection.csv,vv_0p00500_wtip_0p20000\vv_0p00500_wtip_0p20000.stab,True,True,
vv_0p00500_wtip_0p30000,213,286,0.005,0.3,vv_0p00500_wtip_0p30000,13.5,vv_0p00500_wtip_0p30000\vv_0p00500_wtip_0p30000.vsp3,vv_0p00500_wtip_0p30000\vv_0p00500_wtip_0p30000_deflection.csv,vv_0p00500_wtip_0p30000\vv_0p00500_wtip_0p30000.stab,True,True,
vv_0p00500_wtip_0p40000,215,286,0.005,0.4,vv_0p00500_wtip_0p40000,13.5,vv_0p00500_wtip_0p40000\vv_0p00500_wtip_0p40000.vsp3,vv_0p00500_wtip_0p40000\vv_0p00500_wtip_0p40000_deflection.csv,vv_0p00500_wtip_0p40000\vv_0p00500_wtip_0p40000.stab,True,True,
vv_0p00500_wtip_0p50000,217,286,0.005,0.5,vv_0p00500_wtip_0p50000,13.5,vv_0p00500_wtip_0p50000\vv_0p00500_wtip_0p50000.vsp3,vv_0p00500_wtip_0p50000\vv_0p00500_wtip_0p50000_deflection.csv,vv_0p00500_wtip_0p50000\vv_0p00500_wtip_0p50000.stab,True,True,
vv_0p00500_wtip_0p60000,219,286,0.005,0.6,vv_0p00500_wtip_0p60000,13.5,vv_0p00500_wtip_0p60000\vv_0p00500_wtip_0p60000.vsp3,vv_0p00500_wtip_0p60000\vv_0p00500_wtip_0p60000_deflection.csv,vv_0p00500_wtip_0p60000\vv_0p00500_wtip_0p60000.stab,True,True,
vv_0p00500_wtip_0p70000,221,286,0.005,0.7,vv_0p00500_wtip_0p70000,13.5,vv_0p00500_wtip_0p70000\vv_0p00500_wtip_0p70000.vsp3,vv_0p00500_wtip_0p70000\vv_0p00500_wtip_0p70000_deflection.csv,vv_0p00500_wtip_0p70000\vv_0p00500_wtip_0p70000.stab,True,True,
vv_0p00500_wtip_0p80000,222,286,0.005,0.8,vv_0p00500_wtip_0p80000,13.5,vv_0p00500_wtip_0p80000\vv_0p00500_wtip_0p80000.vsp3,vv_0p00500_wtip_0p80000\vv_0p00500_wtip_0p80000_deflection.csv,vv_0p00500_wtip_0p80000\vv_0p00500_wtip_0p80000.stab,True,True,
vv_0p00500_wtip_0p90000,223,286,0.005,0.9,vv_0p00500_wtip_0p90000,13.5,vv_0p00500_wtip_0p90000\vv_0p00500_wtip_0p90000.vsp3,vv_0p00500_wtip_0p90000\vv_0p00500_wtip_0p90000_deflection.csv,vv_0p00500_wtip_0p90000\vv_0p00500_wtip_0p90000.stab,True,True,
vv_0p00500_wtip_1p00000,224,286,0.005,1.0,vv_0p00500_wtip_1p00000,13.5,vv_0p00500_wtip_1p00000\vv_0p00500_wtip_1p00000.vsp3,vv_0p00500_wtip_1p00000\vv_0p00500_wtip_1p00000_deflection.csv,vv_0p00500_wtip_1p00000\vv_0p00500_wtip_1p00000.stab,True,True,
vv_0p00500_wtip_1p10000,225,286,0.005,1.1,vv_0p00500_wtip_1p10000,13.5,vv_0p00500_wtip_1p10000\vv_0p00500_wtip_1p10000.vsp3,vv_0p00500_wtip_1p10000\vv_0p00500_wtip_1p10000_deflection.csv,vv_0p00500_wtip_1p10000\vv_0p00500_wtip_1p10000.stab,True,True,
vv_0p00500_wtip_1p20000,226,286,0.005,1.2,vv_0p00500_wtip_1p20000,13.5,vv_0p00500_wtip_1p20000\vv_0p00500_wtip_1p20000.vsp3,vv_0p00500_wtip_1p20000\vv_0p00500_wtip_1p20000_deflection.csv,vv_0p00500_wtip_1p20000\vv_0p00500_wtip_1p20000.stab,True,True,
vv_0p00500_wtip_1p30000,227,286,0.005,1.3,vv_0p00500_wtip_1p30000,13.5,vv_0p00500_wtip_1p30000\vv_0p00500_wtip_1p30000.vsp3,vv_0p00500_wtip_1p30000\vv_0p00500_wtip_1p30000_deflection.csv,vv_0p00500_wtip_1p30000\vv_0p00500_wtip_1p30000.stab,True,True,
vv_0p00500_wtip_1p40000,228,286,0.005,1.4,vv_0p00500_wtip_1p40000,13.5,vv_0p00500_wtip_1p40000\vv_0p00500_wtip_1p40000.vsp3,vv_0p00500_wtip_1p40000\vv_0p00500_wtip_1p40000_deflection.csv,vv_0p00500_wtip_1p40000\vv_0p00500_wtip_1p40000.stab,True,True,
vv_0p00500_wtip_1p50000,229,286,0.005,1.5,vv_0p00500_wtip_1p50000,13.5,vv_0p00500_wtip_1p50000\vv_0p00500_wtip_1p50000.vsp3,vv_0p00500_wtip_1p50000\vv_0p00500_wtip_1p50000_deflection.csv,vv_0p00500_wtip_1p50000\vv_0p00500_wtip_1p50000.stab,True,True,
vv_0p00500_wtip_1p60000,230,286,0.005,1.6,vv_0p00500_wtip_1p60000,13.5,vv_0p00500_wtip_1p60000\vv_0p00500_wtip_1p60000.vsp3,vv_0p00500_wtip_1p60000\vv_0p00500_wtip_1p60000_deflection.csv,vv_0p00500_wtip_1p60000\vv_0p00500_wtip_1p60000.stab,True,True,
vv_0p00500_wtip_1p70000,231,286,0.005,1.7,vv_0p00500_wtip_1p70000,13.5,vv_0p00500_wtip_1p70000\vv_0p00500_wtip_1p70000.vsp3,vv_0p00500_wtip_1p70000\vv_0p00500_wtip_1p70000_deflection.csv,vv_0p00500_wtip_1p70000\vv_0p00500_wtip_1p70000.stab,True,True,
vv_0p00500_wtip_1p80000,232,286,0.005,1.8,vv_0p00500_wtip_1p80000,13.5,vv_0p00500_wtip_1p80000\vv_0p00500_wtip_1p80000.vsp3,vv_0p00500_wtip_1p80000\vv_0p00500_wtip_1p80000_deflection.csv,vv_0p00500_wtip_1p80000\vv_0p00500_wtip_1p80000.stab,True,True,
vv_0p00500_wtip_1p90000,233,286,0.005,1.9,vv_0p00500_wtip_1p90000,13.5,vv_0p00500_wtip_1p90000\vv_0p00500_wtip_1p90000.vsp3,vv_0p00500_wtip_1p90000\vv_0p00500_wtip_1p90000_deflection.csv,vv_0p00500_wtip_1p90000\vv_0p00500_wtip_1p90000.stab,True,True,
vv_0p00500_wtip_2p00000,234,286,0.005,2.0,vv_0p00500_wtip_2p00000,13.5,vv_0p00500_wtip_2p00000\vv_0p00500_wtip_2p00000.vsp3,vv_0p00500_wtip_2p00000\vv_0p00500_wtip_2p00000_deflection.csv,vv_0p00500_wtip_2p00000\vv_0p00500_wtip_2p00000.stab,True,True,
vv_0p00550_wtip_0p00000,235,286,0.0055,0.0,vv_0p00550_wtip_0p00000,13.5,vv_0p00550_wtip_0p00000\vv_0p00550_wtip_0p00000.vsp3,vv_0p00550_wtip_0p00000\vv_0p00550_wtip_0p00000_deflection.csv,vv_0p00550_wtip_0p00000\vv_0p00550_wtip_0p00000.stab,True,True,
vv_0p00550_wtip_0p10000,236,286,0.0055,0.1,vv_0p00550_wtip_0p10000,13.5,vv_0p00550_wtip_0p10000\vv_0p00550_wtip_0p10000.vsp3,vv_0p00550_wtip_0p10000\vv_0p00550_wtip_0p10000_deflection.csv,vv_0p00550_wtip_0p10000\vv_0p00550_wtip_0p10000.stab,True,True,
vv_0p00550_wtip_0p17307,237,286,0.0055,0.17307,vv_0p00550_wtip_0p17307,13.5,vv_0p00550_wtip_0p17307\vv_0p00550_wtip_0p17307.vsp3,vv_0p00550_wtip_0p17307\vv_0p00550_wtip_0p17307_deflection.csv,vv_0p00550_wtip_0p17307\vv_0p00550_wtip_0p17307.stab,True,True,
vv_0p00550_wtip_0p20000,238,286,0.0055,0.2,vv_0p00550_wtip_0p20000,13.5,vv_0p00550_wtip_0p20000\vv_0p00550_wtip_0p20000.vsp3,vv_0p00550_wtip_0p20000\vv_0p00550_wtip_0p20000_deflection.csv,vv_0p00550_wtip_0p20000\vv_0p00550_wtip_0p20000.stab,True,True,
vv_0p00550_wtip_0p30000,239,286,0.0055,0.3,vv_0p00550_wtip_0p30000,13.5,vv_0p00550_wtip_0p30000\vv_0p00550_wtip_0p30000.vsp3,vv_0p00550_wtip_0p30000\vv_0p00550_wtip_0p30000_deflection.csv,vv_0p00550_wtip_0p30000\vv_0p00550_wtip_0p30000.stab,True,True,
vv_0p00550_wtip_0p30328,240,286,0.0055,0.30328,vv_0p00550_wtip_0p30328,13.5,vv_0p00550_wtip_0p30328\vv_0p00550_wtip_0p30328.vsp3,vv_0p00550_wtip_0p30328\vv_0p00550_wtip_0p30328_deflection.csv,vv_0p00550_wtip_0p30328\vv_0p00550_wtip_0p30328.stab,True,True,
vv_0p00550_wtip_0p40000,241,286,0.0055,0.4,vv_0p00550_wtip_0p40000,13.5,vv_0p00550_wtip_0p40000\vv_0p00550_wtip_0p40000.vsp3,vv_0p00550_wtip_0p40000\vv_0p00550_wtip_0p40000_deflection.csv,vv_0p00550_wtip_0p40000\vv_0p00550_wtip_0p40000.stab,True,True,
vv_0p00550_wtip_0p43348,242,286,0.0055,0.43348,vv_0p00550_wtip_0p43348,13.5,vv_0p00550_wtip_0p43348\vv_0p00550_wtip_0p43348.vsp3,vv_0p00550_wtip_0p43348\vv_0p00550_wtip_0p43348_deflection.csv,vv_0p00550_wtip_0p43348\vv_0p00550_wtip_0p43348.stab,True,True,
vv_0p00550_wtip_0p50000,243,286,0.0055,0.5,vv_0p00550_wtip_0p50000,13.5,vv_0p00550_wtip_0p50000\vv_0p00550_wtip_0p50000.vsp3,vv_0p00550_wtip_0p50000\vv_0p00550_wtip_0p50000_deflection.csv,vv_0p00550_wtip_0p50000\vv_0p00550_wtip_0p50000.stab,True,True,
vv_0p00550_wtip_0p56369,244,286,0.0055,0.56369,vv_0p00550_wtip_0p56369,13.5,vv_0p00550_wtip_0p56369\vv_0p00550_wtip_0p56369.vsp3,vv_0p00550_wtip_0p56369\vv_0p00550_wtip_0p56369_deflection.csv,vv_0p00550_wtip_0p56369\vv_0p00550_wtip_0p56369.stab,True,True,
vv_0p00550_wtip_0p60000,245,286,0.0055,0.6,vv_0p00550_wtip_0p60000,13.5,vv_0p00550_wtip_0p60000\vv_0p00550_wtip_0p60000.vsp3,vv_0p00550_wtip_0p60000\vv_0p00550_wtip_0p60000_deflection.csv,vv_0p00550_wtip_0p60000\vv_0p00550_wtip_0p60000.stab,True,True,
vv_0p00550_wtip_0p69390,246,286,0.0055,0.6939,vv_0p00550_wtip_0p69390,13.5,vv_0p00550_wtip_0p69390\vv_0p00550_wtip_0p69390.vsp3,vv_0p00550_wtip_0p69390\vv_0p00550_wtip_0p69390_deflection.csv,vv_0p00550_wtip_0p69390\vv_0p00550_wtip_0p69390.stab,True,True,
vv_0p00550_wtip_0p70000,247,286,0.0055,0.7,vv_0p00550_wtip_0p70000,13.5,vv_0p00550_wtip_0p70000\vv_0p00550_wtip_0p70000.vsp3,vv_0p00550_wtip_0p70000\vv_0p00550_wtip_0p70000_deflection.csv,vv_0p00550_wtip_0p70000\vv_0p00550_wtip_0p70000.stab,True,True,
vv_0p00550_wtip_0p80000,248,286,0.0055,0.8,vv_0p00550_wtip_0p80000,13.5,vv_0p00550_wtip_0p80000\vv_0p00550_wtip_0p80000.vsp3,vv_0p00550_wtip_0p80000\vv_0p00550_wtip_0p80000_deflection.csv,vv_0p00550_wtip_0p80000\vv_0p00550_wtip_0p80000.stab,True,True,
vv_0p00550_wtip_0p90000,249,286,0.0055,0.9,vv_0p00550_wtip_0p90000,13.5,vv_0p00550_wtip_0p90000\vv_0p00550_wtip_0p90000.vsp3,vv_0p00550_wtip_0p90000\vv_0p00550_wtip_0p90000_deflection.csv,vv_0p00550_wtip_0p90000\vv_0p00550_wtip_0p90000.stab,True,True,
vv_0p00550_wtip_1p00000,250,286,0.0055,1.0,vv_0p00550_wtip_1p00000,13.5,vv_0p00550_wtip_1p00000\vv_0p00550_wtip_1p00000.vsp3,vv_0p00550_wtip_1p00000\vv_0p00550_wtip_1p00000_deflection.csv,vv_0p00550_wtip_1p00000\vv_0p00550_wtip_1p00000.stab,True,True,
vv_0p00550_wtip_1p10000,251,286,0.0055,1.1,vv_0p00550_wtip_1p10000,13.5,vv_0p00550_wtip_1p10000\vv_0p00550_wtip_1p10000.vsp3,vv_0p00550_wtip_1p10000\vv_0p00550_wtip_1p10000_deflection.csv,vv_0p00550_wtip_1p10000\vv_0p00550_wtip_1p10000.stab,True,True,
vv_0p00550_wtip_1p20000,252,286,0.0055,1.2,vv_0p00550_wtip_1p20000,13.5,vv_0p00550_wtip_1p20000\vv_0p00550_wtip_1p20000.vsp3,vv_0p00550_wtip_1p20000\vv_0p00550_wtip_1p20000_deflection.csv,vv_0p00550_wtip_1p20000\vv_0p00550_wtip_1p20000.stab,True,True,
vv_0p00550_wtip_1p30000,253,286,0.0055,1.3,vv_0p00550_wtip_1p30000,13.5,vv_0p00550_wtip_1p30000\vv_0p00550_wtip_1p30000.vsp3,vv_0p00550_wtip_1p30000\vv_0p00550_wtip_1p30000_deflection.csv,vv_0p00550_wtip_1p30000\vv_0p00550_wtip_1p30000.stab,True,True,
vv_0p00550_wtip_1p40000,254,286,0.0055,1.4,vv_0p00550_wtip_1p40000,13.5,vv_0p00550_wtip_1p40000\vv_0p00550_wtip_1p40000.vsp3,vv_0p00550_wtip_1p40000\vv_0p00550_wtip_1p40000_deflection.csv,vv_0p00550_wtip_1p40000\vv_0p00550_wtip_1p40000.stab,True,True,
vv_0p00550_wtip_1p50000,255,286,0.0055,1.5,vv_0p00550_wtip_1p50000,13.5,vv_0p00550_wtip_1p50000\vv_0p00550_wtip_1p50000.vsp3,vv_0p00550_wtip_1p50000\vv_0p00550_wtip_1p50000_deflection.csv,vv_0p00550_wtip_1p50000\vv_0p00550_wtip_1p50000.stab,True,True,
vv_0p00550_wtip_1p60000,256,286,0.0055,1.6,vv_0p00550_wtip_1p60000,13.5,vv_0p00550_wtip_1p60000\vv_0p00550_wtip_1p60000.vsp3,vv_0p00550_wtip_1p60000\vv_0p00550_wtip_1p60000_deflection.csv,vv_0p00550_wtip_1p60000\vv_0p00550_wtip_1p60000.stab,True,True,
vv_0p00550_wtip_1p70000,257,286,0.0055,1.7,vv_0p00550_wtip_1p70000,13.5,vv_0p00550_wtip_1p70000\vv_0p00550_wtip_1p70000.vsp3,vv_0p00550_wtip_1p70000\vv_0p00550_wtip_1p70000_deflection.csv,vv_0p00550_wtip_1p70000\vv_0p00550_wtip_1p70000.stab,True,True,
vv_0p00550_wtip_1p80000,258,286,0.0055,1.8,vv_0p00550_wtip_1p80000,13.5,vv_0p00550_wtip_1p80000\vv_0p00550_wtip_1p80000.vsp3,vv_0p00550_wtip_1p80000\vv_0p00550_wtip_1p80000_deflection.csv,vv_0p00550_wtip_1p80000\vv_0p00550_wtip_1p80000.stab,True,True,
vv_0p00550_wtip_1p90000,259,286,0.0055,1.9,vv_0p00550_wtip_1p90000,13.5,vv_0p00550_wtip_1p90000\vv_0p00550_wtip_1p90000.vsp3,vv_0p00550_wtip_1p90000\vv_0p00550_wtip_1p90000_deflection.csv,vv_0p00550_wtip_1p90000\vv_0p00550_wtip_1p90000.stab,True,True,
vv_0p00550_wtip_2p00000,260,286,0.0055,2.0,vv_0p00550_wtip_2p00000,13.5,vv_0p00550_wtip_2p00000\vv_0p00550_wtip_2p00000.vsp3,vv_0p00550_wtip_2p00000\vv_0p00550_wtip_2p00000_deflection.csv,vv_0p00550_wtip_2p00000\vv_0p00550_wtip_2p00000.stab,True,True,
vv_0p00600_wtip_0p00000,261,286,0.006,0.0,vv_0p00600_wtip_0p00000,13.5,vv_0p00600_wtip_0p00000\vv_0p00600_wtip_0p00000.vsp3,vv_0p00600_wtip_0p00000\vv_0p00600_wtip_0p00000_deflection.csv,vv_0p00600_wtip_0p00000\vv_0p00600_wtip_0p00000.stab,True,True,
vv_0p00600_wtip_0p10000,262,286,0.006,0.1,vv_0p00600_wtip_0p10000,13.5,vv_0p00600_wtip_0p10000\vv_0p00600_wtip_0p10000.vsp3,vv_0p00600_wtip_0p10000\vv_0p00600_wtip_0p10000_deflection.csv,vv_0p00600_wtip_0p10000\vv_0p00600_wtip_0p10000.stab,True,True,
vv_0p00600_wtip_0p20000,264,286,0.006,0.2,vv_0p00600_wtip_0p20000,13.5,vv_0p00600_wtip_0p20000\vv_0p00600_wtip_0p20000.vsp3,vv_0p00600_wtip_0p20000\vv_0p00600_wtip_0p20000_deflection.csv,vv_0p00600_wtip_0p20000\vv_0p00600_wtip_0p20000.stab,True,True,
vv_0p00600_wtip_0p30000,265,286,0.006,0.3,vv_0p00600_wtip_0p30000,13.5,vv_0p00600_wtip_0p30000\vv_0p00600_wtip_0p30000.vsp3,vv_0p00600_wtip_0p30000\vv_0p00600_wtip_0p30000_deflection.csv,vv_0p00600_wtip_0p30000\vv_0p00600_wtip_0p30000.stab,True,True,
vv_0p00600_wtip_0p40000,267,286,0.006,0.4,vv_0p00600_wtip_0p40000,13.5,vv_0p00600_wtip_0p40000\vv_0p00600_wtip_0p40000.vsp3,vv_0p00600_wtip_0p40000\vv_0p00600_wtip_0p40000_deflection.csv,vv_0p00600_wtip_0p40000\vv_0p00600_wtip_0p40000.stab,True,True,
vv_0p00600_wtip_0p50000,269,286,0.006,0.5,vv_0p00600_wtip_0p50000,13.5,vv_0p00600_wtip_0p50000\vv_0p00600_wtip_0p50000.vsp3,vv_0p00600_wtip_0p50000\vv_0p00600_wtip_0p50000_deflection.csv,vv_0p00600_wtip_0p50000\vv_0p00600_wtip_0p50000.stab,True,True,
vv_0p00600_wtip_0p60000,271,286,0.006,0.6,vv_0p00600_wtip_0p60000,13.5,vv_0p00600_wtip_0p60000\vv_0p00600_wtip_0p60000.vsp3,vv_0p00600_wtip_0p60000\vv_0p00600_wtip_0p60000_deflection.csv,vv_0p00600_wtip_0p60000\vv_0p00600_wtip_0p60000.stab,True,True,
vv_0p00600_wtip_0p70000,273,286,0.006,0.7,vv_0p00600_wtip_0p70000,13.5,vv_0p00600_wtip_0p70000\vv_0p00600_wtip_0p70000.vsp3,vv_0p00600_wtip_0p70000\vv_0p00600_wtip_0p70000_deflection.csv,vv_0p00600_wtip_0p70000\vv_0p00600_wtip_0p70000.stab,True,True,
vv_0p00600_wtip_0p80000,274,286,0.006,0.8,vv_0p00600_wtip_0p80000,13.5,vv_0p00600_wtip_0p80000\vv_0p00600_wtip_0p80000.vsp3,vv_0p00600_wtip_0p80000\vv_0p00600_wtip_0p80000_deflection.csv,vv_0p00600_wtip_0p80000\vv_0p00600_wtip_0p80000.stab,True,True,
vv_0p00600_wtip_0p90000,275,286,0.006,0.9,vv_0p00600_wtip_0p90000,13.5,vv_0p00600_wtip_0p90000\vv_0p00600_wtip_0p90000.vsp3,vv_0p00600_wtip_0p90000\vv_0p00600_wtip_0p90000_deflection.csv,vv_0p00600_wtip_0p90000\vv_0p00600_wtip_0p90000.stab,True,True,
vv_0p00600_wtip_1p00000,276,286,0.006,1.0,vv_0p00600_wtip_1p00000,13.5,vv_0p00600_wtip_1p00000\vv_0p00600_wtip_1p00000.vsp3,vv_0p00600_wtip_1p00000\vv_0p00600_wtip_1p00000_deflection.csv,vv_0p00600_wtip_1p00000\vv_0p00600_wtip_1p00000.stab,True,True,
vv_0p00600_wtip_1p10000,277,286,0.006,1.1,vv_0p00600_wtip_1p10000,13.5,vv_0p00600_wtip_1p10000\vv_0p00600_wtip_1p10000.vsp3,vv_0p00600_wtip_1p10000\vv_0p00600_wtip_1p10000_deflection.csv,vv_0p00600_wtip_1p10000\vv_0p00600_wtip_1p10000.stab,True,True,
vv_0p00600_wtip_1p20000,278,286,0.006,1.2,vv_0p00600_wtip_1p20000,13.5,vv_0p00600_wtip_1p20000\vv_0p00600_wtip_1p20000.vsp3,vv_0p00600_wtip_1p20000\vv_0p00600_wtip_1p20000_deflection.csv,vv_0p00600_wtip_1p20000\vv_0p00600_wtip_1p20000.stab,True,True,
vv_0p00600_wtip_1p30000,279,286,0.006,1.3,vv_0p00600_wtip_1p30000,13.5,vv_0p00600_wtip_1p30000\vv_0p00600_wtip_1p30000.vsp3,vv_0p00600_wtip_1p30000\vv_0p00600_wtip_1p30000_deflection.csv,vv_0p00600_wtip_1p30000\vv_0p00600_wtip_1p30000.stab,True,True,
vv_0p00600_wtip_1p40000,280,286,0.006,1.4,vv_0p00600_wtip_1p40000,13.5,vv_0p00600_wtip_1p40000\vv_0p00600_wtip_1p40000.vsp3,vv_0p00600_wtip_1p40000\vv_0p00600_wtip_1p40000_deflection.csv,vv_0p00600_wtip_1p40000\vv_0p00600_wtip_1p40000.stab,True,True,
vv_0p00600_wtip_1p50000,281,286,0.006,1.5,vv_0p00600_wtip_1p50000,13.5,vv_0p00600_wtip_1p50000\vv_0p00600_wtip_1p50000.vsp3,vv_0p00600_wtip_1p50000\vv_0p00600_wtip_1p50000_deflection.csv,vv_0p00600_wtip_1p50000\vv_0p00600_wtip_1p50000.stab,True,True,
vv_0p00600_wtip_1p60000,282,286,0.006,1.6,vv_0p00600_wtip_1p60000,13.5,vv_0p00600_wtip_1p60000\vv_0p00600_wtip_1p60000.vsp3,vv_0p00600_wtip_1p60000\vv_0p00600_wtip_1p60000_deflection.csv,vv_0p00600_wtip_1p60000\vv_0p00600_wtip_1p60000.stab,True,True,
vv_0p00600_wtip_1p70000,283,286,0.006,1.7,vv_0p00600_wtip_1p70000,13.5,vv_0p00600_wtip_1p70000\vv_0p00600_wtip_1p70000.vsp3,vv_0p00600_wtip_1p70000\vv_0p00600_wtip_1p70000_deflection.csv,vv_0p00600_wtip_1p70000\vv_0p00600_wtip_1p70000.stab,True,True,
vv_0p00600_wtip_1p80000,284,286,0.006,1.8,vv_0p00600_wtip_1p80000,13.5,vv_0p00600_wtip_1p80000\vv_0p00600_wtip_1p80000.vsp3,vv_0p00600_wtip_1p80000\vv_0p00600_wtip_1p80000_deflection.csv,vv_0p00600_wtip_1p80000\vv_0p00600_wtip_1p80000.stab,True,True,
vv_0p00600_wtip_1p90000,285,286,0.006,1.9,vv_0p00600_wtip_1p90000,13.5,vv_0p00600_wtip_1p90000\vv_0p00600_wtip_1p90000.vsp3,vv_0p00600_wtip_1p90000\vv_0p00600_wtip_1p90000_deflection.csv,vv_0p00600_wtip_1p90000\vv_0p00600_wtip_1p90000.stab,True,True,
vv_0p00600_wtip_2p00000,286,286,0.006,2.0,vv_0p00600_wtip_2p00000,13.5,vv_0p00600_wtip_2p00000\vv_0p00600_wtip_2p00000.vsp3,vv_0p00600_wtip_2p00000\vv_0p00600_wtip_2p00000_deflection.csv,vv_0p00600_wtip_2p00000\vv_0p00600_wtip_2p00000.stab,True,True,
